Workbook
Name Argonian_Female: #REF!
Name Human_Male: #REF!

Sheet NPC List
A1: FormID | B1: NPC EditorID | C1: NPC Name | D1: NPC Race | E1: NPC Gender | F1: Vanilla Hair ID | G1: Vanilla Hair SPID Form
A2: 0008774F | B2: Abelone | C2: Abelone | D2: Nord | E2: Female | F2: HairFemaleNord07 | G2: {=IF(B2="", "", LET(_xlpm.spell, IFERROR(IF(F2="", "", INDEX(_xlws.FILTER(Hairstyles!$F:$F, ISNUMBER(SEARCH(F2, Hairstyles!$B:$B))), 1)), "No Spell for Hairstyle"), _xlpm.vanillaPrefix, IF(LEFT(_xlpm.spell, 7)="Uvi_Wig", "", ";"), ";" & IF(C2="", B2, C2) & IF(M2="", "", " ("&M2&")") & CHAR(10) & _xlpm.vanillaPrefix & "Keyword = Uvi_Wig_Distr_KYWD|" & B2 & CHAR(10) & _xlpm.vanillaPrefix & "Spell = " & _xlpm.spell & "|" & B2 ) )} -> ;Abelone ;Keyword = Uvi_Wig_Distr_KYWD|Abelone ;Spell = No Spell for Hairstyle|Abelone
A3: 000D3E79 | B3: AcolyteJenssen | C3: Acolyte Jenssen | D3: Nord | E3: Male | F3: HairMaleNord05 | G3: {=IF(B3="", "", LET(_xlpm.spell, IFERROR(IF(F3="", "", INDEX(_xlws.FILTER(Hairstyles!$F:$F, ISNUMBER(SEARCH(F3, Hairstyles!$B:$B))), 1)), "No Spell for Hairstyle"), _xlpm.vanillaPrefix, IF(LEFT(_xlpm.spell, 7)="Uvi_Wig", "", ";"), ";" & IF(C3="", B3, C3) & IF(M3="", "", " ("&M3&")") & CHAR(10) & _xlpm.vanillaPrefix & "Keyword = Uvi_Wig_Distr_KYWD|" & B3 & CHAR(10) & _xlpm.vanillaPrefix & "Spell = " & _xlpm.spell & "|" & B3 ) )} -> ;Acolyte Jenssen ;Keyword = Uvi_Wig_Distr_KYWD|AcolyteJenssen ;Spell = No Spell for Hairstyle|AcolyteJenssen
A4: 00013385 | B4: Adara | C4: Adara | D4: RedguardChild | E4: Female | F4: HairFemaleRedguardChild01 | G4: {=IF(B4="", "", LET(_xlpm.spell, IFERROR(IF(F4="", "", INDEX(_xlws.FILTER(Hairstyles!$F:$F, ISNUMBER(SEARCH(F4, Hairstyles!$B:$B))), 1)), "No Spell for Hairstyle"), _xlpm.vanillaPrefix, IF(LEFT(_xlpm.spell, 7)="Uvi_Wig", "", ";"), ";" & IF(C4="", B4, C4) & IF(M4="", "", " ("&M4&")") & CHAR(10) & _xlpm.vanillaPrefix & "Keyword = Uvi_Wig_Distr_KYWD|" & B4 & CHAR(10) & _xlpm.vanillaPrefix & "Spell = " & _xlpm.spell & "|" & B4 ) )} -> ;Adara ;Keyword = Uvi_Wig_Distr_KYWD|Adara ;Spell = No Spell for Hairstyle|Adara
A5: 02008D7A | B5: DLC1dunRedwaterDenAddict4 | C5: Addict | D5: Elder | E5: Female | F5: HairFemaleNord12 | G5: {=IF(B5="", "", LET(_xlpm.spell, IFERROR(IF(F5="", "", INDEX(_xlws.FILTER(Hairstyles!$F:$F, ISNUMBER(SEARCH(F5, Hairstyles!$B:$B))), 1)), "No Spell for Hairstyle"), _xlpm.vanillaPrefix, IF(LEFT(_xlpm.spell, 7)="Uvi_Wig", "", ";"), ";" & IF(C5="", B5, C5) & IF(M5="", "", " ("&M5&")") & CHAR(10) & _xlpm.vanillaPrefix & "Keyword = Uvi_Wig_Distr_KYWD|" & B5 & CHAR(10) & _xlpm.vanillaPrefix & "Spell = " & _xlpm.spell & "|" & B5 ) )} -> ;Addict ;Keyword = Uvi_Wig_Distr_KYWD|DLC1dunRedwaterDenAddict4 ;Spell = No Spell for Hairstyle|DLC1dunRedwaterDenAddict4
A6: 00013255 | B6: Addvar | C6: Addvar | D6: Nord | E6: Male | F6: HairMaleNord09 | G6: {=IF(B6="", "", LET(_xlpm.spell, IFERROR(IF(F6="", "", INDEX(_xlws.FILTER(Hairstyles!$F:$F, ISNUMBER(SEARCH(F6, Hairstyles!$B:$B))), 1)), "No Spell for Hairstyle"), _xlpm.vanillaPrefix, IF(LEFT(_xlpm.spell, 7)="Uvi_Wig", "", ";"), ";" & IF(C6="", B6, C6) & IF(M6="", "", " ("&M6&")") & CHAR(10) & _xlpm.vanillaPrefix & "Keyword = Uvi_Wig_Distr_KYWD|" & B6 & CHAR(10) & _xlpm.vanillaPrefix & "Spell = " & _xlpm.spell & "|" & B6 ) )} -> ;Addvar ;Keyword = Uvi_Wig_Distr_KYWD|Addvar ;Spell = No Spell for Hairstyle|Addvar
A7: 00019DC7 | B7: Addvild | C7: Addvild | D7: Nord | E7: Male | F7: HairMaleNord09 | G7: {=IF(B7="", "", LET(_xlpm.spell, IFERROR(IF(F7="", "", INDEX(_xlws.FILTER(Hairstyles!$F:$F, ISNUMBER(SEARCH(F7, Hairstyles!$B:$B))), 1)), "No Spell for Hairstyle"), _xlpm.vanillaPrefix, IF(LEFT(_xlpm.spell, 7)="Uvi_Wig", "", ";"), ";" & IF(C7="", B7, C7) & IF(M7="", "", " ("&M7&")") & CHAR(10) & _xlpm.vanillaPrefix & "Keyword = Uvi_Wig_Distr_KYWD|" & B7 & CHAR(10) & _xlpm.vanillaPrefix & "Spell = " & _xlpm.spell & "|" & B7 ) )} -> ;Addvild ;Keyword = Uvi_Wig_Distr_KYWD|Addvild ;Spell = No Spell for Hairstyle|Addvild
A8: 000661AD | B8: Adeber | C8: Adeber | D8: Breton | E8: Male | F8: HairMaleNord07 | G8: {=IF(B8="", "", LET(_xlpm.spell, IFERROR(IF(F8="", "", INDEX(_xlws.FILTER(Hairstyles!$F:$F, ISNUMBER(SEARCH(F8, Hairstyles!$B:$B))), 1)), "No Spell for Hairstyle"), _xlpm.vanillaPrefix, IF(LEFT(_xlpm.spell, 7)="Uvi_Wig", "", ";"), ";" & IF(C8="", B8, C8) & IF(M8="", "", " ("&M8&")") & CHAR(10) & _xlpm.vanillaPrefix & "Keyword = Uvi_Wig_Distr_KYWD|" & B8 & CHAR(10) & _xlpm.vanillaPrefix & "Spell = " & _xlpm.spell & "|" & B8 ) )} -> ;Adeber ;Keyword = Uvi_Wig_Distr_KYWD|Adeber ;Spell = No Spell for Hairstyle|Adeber
A9: 0001411D | B9: Adelaisa | C9: Adelaisa Vendicci | D9: Imperial | E9: Female | F9: HairFemaleNord11 | G9: {=IF(B9="", "", LET(_xlpm.spell, IFERROR(IF(F9="", "", INDEX(_xlws.FILTER(Hairstyles!$F:$F, ISNUMBER(SEARCH(F9, Hairstyles!$B:$B))), 1)), "No Spell for Hairstyle"), _xlpm.vanillaPrefix, IF(LEFT(_xlpm.spell, 7)="Uvi_Wig", "", ";"), ";" & IF(C9="", B9, C9) & IF(M9="", "", " ("&M9&")") & CHAR(10) & _xlpm.vanillaPrefix & "Keyword = Uvi_Wig_Distr_KYWD|" & B9 & CHAR(10) & _xlpm.vanillaPrefix & "Spell = " & _xlpm.spell & "|" & B9 ) )} -> ;Adelaisa Vendicci ;Keyword = Uvi_Wig_Distr_KYWD|Adelaisa ;Spell = No Spell for Hairstyle|Adelaisa
A10: 0001411E | B10: Adisla | C10: Adisla | D10: Nord | E10: Female | F10: HairFemaleNord05 | G10: {=IF(B10="", "", LET(_xlpm.spell, IFERROR(IF(F10="", "", INDEX(_xlws.FILTER(Hairstyles!$F:$F, ISNUMBER(SEARCH(F10, Hairstyles!$B:$B))), 1)), "No Spell for Hairstyle"), _xlpm.vanillaPrefix, IF(LEFT(_xlpm.spell, 7)="Uvi_Wig", "", ";"), ";" & IF(C10="", B10, C10) & IF(M10="", "", " ("&M10&")") & CHAR(10) & _xlpm.vanillaPrefix & "Keyword = Uvi_Wig_Distr_KYWD|" & B10 & CHAR(10) & _xlpm.vanillaPrefix & "Spell = " & _xlpm.spell & "|" & B10 ) )} -> ;Adisla ;Keyword = Uvi_Wig_Distr_KYWD|Adisla ;Spell = No Spell for Hairstyle|Adisla
A11: 0001413C | B11: AdonatoLeotelli | C11: Adonato Leotelli | D11: Imperial | E11: Male | F11: HairMaleElder4 | G11: {=IF(B11="", "", LET(_xlpm.spell, IFERROR(IF(F11="", "", INDEX(_xlws.FILTER(Hairstyles!$F:$F, ISNUMBER(SEARCH(F11, Hairstyles!$B:$B))), 1)), "No Spell for Hairstyle"), _xlpm.vanillaPrefix, IF(LEFT(_xlpm.spell, 7)="Uvi_Wig", "", ";"), ";" & IF(C11="", B11, C11) & IF(M11="", "", " ("&M11&")") & CHAR(10) & _xlpm.vanillaPrefix & "Keyword = Uvi_Wig_Distr_KYWD|" & B11 & CHAR(10) & _xlpm.vanillaPrefix & "Spell = " & _xlpm.spell & "|" & B11 ) )} -> ;Adonato Leotelli ;Keyword = Uvi_Wig_Distr_KYWD|AdonatoLeotelli ;Spell = No Spell for Hairstyle|AdonatoLeotelli
A12: 00013BB9 | B12: AdrianneAvenicci | C12: Adrianne Avenicci | D12: Imperial | E12: Female | F12: HairFemaleNord14 | G12: {=IF(B12="", "", LET(_xlpm.spell, IFERROR(IF(F12="", "", INDEX(_xlws.FILTER(Hairstyles!$F:$F, ISNUMBER(SEARCH(F12, Hairstyles!$B:$B))), 1)), "No Spell for Hairstyle"), _xlpm.vanillaPrefix, IF(LEFT(_xlpm.spell, 7)="Uvi_Wig", "", ";"), ";" & IF(C12="", B12, C12) & IF(M12="", "", " ("&M12&")") & CHAR(10) & _xlpm.vanillaPrefix & "Keyword = Uvi_Wig_Distr_KYWD|" & B12 & CHAR(10) & _xlpm.vanillaPrefix & "Spell = " & _xlpm.spell & "|" & B12 ) )} -> ;Adrianne Avenicci ;Keyword = Uvi_Wig_Distr_KYWD|AdrianneAvenicci ;Spell = No Spell for Hairstyle|AdrianneAvenicci
A13: 02018280 | B13: DLC2RRAdrilArano | C13: Adril Arano | D13: DarkElf | E13: Male | F13: HairMaleDarkElf01 | G13: {=IF(B13="", "", LET(_xlpm.spell, IFERROR(IF(F13="", "", INDEX(_xlws.FILTER(Hairstyles!$F:$F, ISNUMBER(SEARCH(F13, Hairstyles!$B:$B))), 1)), "No Spell for Hairstyle"), _xlpm.vanillaPrefix, IF(LEFT(_xlpm.spell, 7)="Uvi_Wig", "", ";"), ";" & IF(C13="", B13, C13) & IF(M13="", "", " ("&M13&")") & CHAR(10) & _xlpm.vanillaPrefix & "Keyword = Uvi_Wig_Distr_KYWD|" & B13 & CHAR(10) & _xlpm.vanillaPrefix & "Spell = " & _xlpm.spell & "|" & B13 ) )} -> ;Adril Arano ;Keyword = Uvi_Wig_Distr_KYWD|DLC2RRAdrilArano ;Spell = No Spell for Hairstyle|DLC2RRAdrilArano
... A1757: 0001B1D0 | B1757: Zaynabi | C1757: Zaynabi | D1757: Khajiit | E1757: Female | F1757: HairKhajiitFemale06 | G1757: {=IF(B1757="", "", LET(_xlpm.spell, IFERROR(IF(F1757="", "", INDEX(_xlws.FILTER(Hairstyles!$F:$F, ISNUMBER(SEARCH(F1757, Hairstyles!$B:$B))), 1)), "No Spell for Hairstyle"), _xlpm.vanillaPrefix, IF(LEFT(_xlpm.spell, 7)="Uvi_Wig", "", ";"), ";" & IF(C1757="", B1757, C1757) & IF(M1757="", "", " ("&M1757&")") & CHAR(10) & _xlpm.vanillaPrefix & "Keyword = Uvi_Wig_Distr_KYWD|" & B1757 & CHAR(10) & _xlpm.vanillaPrefix & "Spell = " & _xlpm.spell & "|" & B1757 ) )} -> ;Zaynabi ;Keyword = Uvi_Wig_Distr_KYWD|Zaynabi ;Spell = No Spell for Hairstyle|Zaynabi
A1758: 000AD3A5 | B1758: C04DeadKodlak | D1758: Nord | E1758: Male | F1758: HairMaleNord06 | G1758: {=IF(B1758="", "", LET(_xlpm.spell, IFERROR(IF(F1758="", "", INDEX(_xlws.FILTER(Hairstyles!$F:$F, ISNUMBER(SEARCH(F1758, Hairstyles!$B:$B))), 1)), "No Spell for Hairstyle"), _xlpm.vanillaPrefix, IF(LEFT(_xlpm.spell, 7)="Uvi_Wig", "", ";"), ";" & IF(C1758="", B1758, C1758) & IF(M1758="", "", " ("&M1758&")") & CHAR(10) & _xlpm.vanillaPrefix & "Keyword = Uvi_Wig_Distr_KYWD|" & B1758 & CHAR(10) & _xlpm.vanillaPrefix & "Spell = " & _xlpm.spell & "|" & B1758 ) )} -> ;C04DeadKodlak ;Keyword = Uvi_Wig_Distr_KYWD|C04DeadKodlak ;Spell = No Spell for Hairstyle|C04DeadKodlak
A1759: 000DCCC0 | B1759: C06DeadKodlak | D1759: Nord | E1759: Male | F1759: HairMaleNord06 | G1759: {=IF(B1759="", "", LET(_xlpm.spell, IFERROR(IF(F1759="", "", INDEX(_xlws.FILTER(Hairstyles!$F:$F, ISNUMBER(SEARCH(F1759, Hairstyles!$B:$B))), 1)), "No Spell for Hairstyle"), _xlpm.vanillaPrefix, IF(LEFT(_xlpm.spell, 7)="Uvi_Wig", "", ";"), ";" & IF(C1759="", B1759, C1759) & IF(M1759="", "", " ("&M1759&")") & CHAR(10) & _xlpm.vanillaPrefix & "Keyword = Uvi_Wig_Distr_KYWD|" & B1759 & CHAR(10) & _xlpm.vanillaPrefix & "Spell = " & _xlpm.spell & "|" & B1759 ) )} -> ;C06DeadKodlak ;Keyword = Uvi_Wig_Distr_KYWD|C06DeadKodlak ;Spell = No Spell for Hairstyle|C06DeadKodlak
A1760: 0001720B | B1760: C06KodlaksGhost | D1760: Nord | E1760: Male | F1760: HairMaleNord06 | G1760: {=IF(B1760="", "", LET(_xlpm.spell, IFERROR(IF(F1760="", "", INDEX(_xlws.FILTER(Hairstyles!$F:$F, ISNUMBER(SEARCH(F1760, Hairstyles!$B:$B))), 1)), "No Spell for Hairstyle"), _xlpm.vanillaPrefix, IF(LEFT(_xlpm.spell, 7)="Uvi_Wig", "", ";"), ";" & IF(C1760="", B1760, C1760) & IF(M1760="", "", " ("&M1760&")") & CHAR(10) & _xlpm.vanillaPrefix & "Keyword = Uvi_Wig_Distr_KYWD|" & B1760 & CHAR(10) & _xlpm.vanillaPrefix & "Spell = " & _xlpm.spell & "|" & B1760 ) )} -> ;C06KodlaksGhost ;Keyword = Uvi_Wig_Distr_KYWD|C06KodlaksGhost ;Spell = No Spell for Hairstyle|C06KodlaksGhost
A1761: 000A5794 | B1761: CorpsePrisonerNordMale | D1761: Nord | E1761: Male | F1761: HairMaleNord04 | G1761: {=IF(B1761="", "", LET(_xlpm.spell, IFERROR(IF(F1761="", "", INDEX(_xlws.FILTER(Hairstyles!$F:$F, ISNUMBER(SEARCH(F1761, Hairstyles!$B:$B))), 1)), "No Spell for Hairstyle"), _xlpm.vanillaPrefix, IF(LEFT(_xlpm.spell, 7)="Uvi_Wig", "", ";"), ";" & IF(C1761="", B1761, C1761) & IF(M1761="", "", " ("&M1761&")") & CHAR(10) & _xlpm.vanillaPrefix & "Keyword = Uvi_Wig_Distr_KYWD|" & B1761 & CHAR(10) & _xlpm.vanillaPrefix & "Spell = " & _xlpm.spell & "|" & B1761 ) )} -> ;CorpsePrisonerNordMale ;Keyword = Uvi_Wig_Distr_KYWD|CorpsePrisonerNordMale ;Spell = No Spell for Hairstyle|CorpsePrisonerNordMale
A1762: 000DC25D | B1762: CW03ImperialScout | D1762: Imperial | E1762: Male | F1762: HairMaleNord09 | G1762: {=IF(B1762="", "", LET(_xlpm.spell, IFERROR(IF(F1762="", "", INDEX(_xlws.FILTER(Hairstyles!$F:$F, ISNUMBER(SEARCH(F1762, Hairstyles!$B:$B))), 1)), "No Spell for Hairstyle"), _xlpm.vanillaPrefix, IF(LEFT(_xlpm.spell, 7)="Uvi_Wig", "", ";"), ";" & IF(C1762="", B1762, C1762) & IF(M1762="", "", " ("&M1762&")") & CHAR(10) & _xlpm.vanillaPrefix & "Keyword = Uvi_Wig_Distr_KYWD|" & B1762 & CHAR(10) & _xlpm.vanillaPrefix & "Spell = " & _xlpm.spell & "|" & B1762 ) )} -> ;CW03ImperialScout ;Keyword = Uvi_Wig_Distr_KYWD|CW03ImperialScout ;Spell = No Spell for Hairstyle|CW03ImperialScout
A1763: 000770B2 | B1763: CWMission06DissaffectSoldierImperial1 | D1763: Imperial | E1763: Male | F1763: HairMaleNord11 | G1763: {=IF(B1763="", "", LET(_xlpm.spell, IFERROR(IF(F1763="", "", INDEX(_xlws.FILTER(Hairstyles!$F:$F, ISNUMBER(SEARCH(F1763, Hairstyles!$B:$B))), 1)), "No Spell for Hairstyle"), _xlpm.vanillaPrefix, IF(LEFT(_xlpm.spell, 7)="Uvi_Wig", "", ";"), ";" & IF(C1763="", B1763, C1763) & IF(M1763="", "", " ("&M1763&")") & CHAR(10) & _xlpm.vanillaPrefix & "Keyword = Uvi_Wig_Distr_KYWD|" & B1763 & CHAR(10) & _xlpm.vanillaPrefix & "Spell = " & _xlpm.spell & "|" & B1763 ) )} -> ;CWMission06DissaffectSoldierImperial1 ;Keyword = Uvi_Wig_Distr_KYWD|CWMission06DissaffectSoldierImperial1 ;Spell = No Spell for Hairstyle|CWMission06DissaffectSoldierImperial1
A1764: 000770B6 | B1764: CWMission06DissaffectSoldierSons1 | D1764: Nord | E1764: Male | F1764: HairMaleNord15 | G1764: {=IF(B1764="", "", LET(_xlpm.spell, IFERROR(IF(F1764="", "", INDEX(_xlws.FILTER(Hairstyles!$F:$F, ISNUMBER(SEARCH(F1764, Hairstyles!$B:$B))), 1)), "No Spell for Hairstyle"), _xlpm.vanillaPrefix, IF(LEFT(_xlpm.spell, 7)="Uvi_Wig", "", ";"), ";" & IF(C1764="", B1764, C1764) & IF(M1764="", "", " ("&M1764&")") & CHAR(10) & _xlpm.vanillaPrefix & "Keyword = Uvi_Wig_Distr_KYWD|" & B1764 & CHAR(10) & _xlpm.vanillaPrefix & "Spell = " & _xlpm.spell & "|" & B1764 ) )} -> ;CWMission06DissaffectSoldierSons1 ;Keyword = Uvi_Wig_Distr_KYWD|CWMission06DissaffectSoldierSons1 ;Spell = No Spell for Hairstyle|CWMission06DissaffectSoldierSons1
A1765: 000770BA | B1765: CWMission06LoyalistLeaderImperial | D1765: Imperial | E1765: Male | F1765: HairMaleElder6 | G1765: {=IF(B1765="", "", LET(_xlpm.spell, IFERROR(IF(F1765="", "", INDEX(_xlws.FILTER(Hairstyles!$F:$F, ISNUMBER(SEARCH(F1765, Hairstyles!$B:$B))), 1)), "No Spell for Hairstyle"), _xlpm.vanillaPrefix, IF(LEFT(_xlpm.spell, 7)="Uvi_Wig", "", ";"), ";" & IF(C1765="", B1765, C1765) & IF(M1765="", "", " ("&M1765&")") & CHAR(10) & _xlpm.vanillaPrefix & "Keyword = Uvi_Wig_Distr_KYWD|" & B1765 & CHAR(10) & _xlpm.vanillaPrefix & "Spell = " & _xlpm.spell & "|" & B1765 ) )} -> ;CWMission06LoyalistLeaderImperial ;Keyword = Uvi_Wig_Distr_KYWD|CWMission06LoyalistLeaderImperial ;Spell = No Spell for Hairstyle|CWMission06LoyalistLeaderImperial
A1766: 000770BB | B1766: CWMission06LoyalistLeaderSons | D1766: Nord | E1766: Male | F1766: HairMaleElder3 | G1766: {=IF(B1766="", "", LET(_xlpm.spell, IFERROR(IF(F1766="", "", INDEX(_xlws.FILTER(Hairstyles!$F:$F, ISNUMBER(SEARCH(F1766, Hairstyles!$B:$B))), 1)), "No Spell for Hairstyle"), _xlpm.vanillaPrefix, IF(LEFT(_xlpm.spell, 7)="Uvi_Wig", "", ";"), ";" & IF(C1766="", B1766, C1766) & IF(M1766="", "", " ("&M1766&")") & CHAR(10) & _xlpm.vanillaPrefix & "Keyword = Uvi_Wig_Distr_KYWD|" & B1766 & CHAR(10) & _xlpm.vanillaPrefix & "Spell = " & _xlpm.spell & "|" & B1766 ) )} -> ;CWMission06LoyalistLeaderSons ;Keyword = Uvi_Wig_Distr_KYWD|CWMission06LoyalistLeaderSons ;Spell = No Spell for Hairstyle|CWMission06LoyalistLeaderSons
A1767: 0001675D | B1767: CWPrisonerImperial | D1767: Imperial | E1767: Male | F1767: HairMaleNord01 | G1767: {=IF(B1767="", "", LET(_xlpm.spell, IFERROR(IF(F1767="", "", INDEX(_xlws.FILTER(Hairstyles!$F:$F, ISNUMBER(SEARCH(F1767, Hairstyles!$B:$B))), 1)), "No Spell for Hairstyle"), _xlpm.vanillaPrefix, IF(LEFT(_xlpm.spell, 7)="Uvi_Wig", "", ";"), ";" & IF(C1767="", B1767, C1767) & IF(M1767="", "", " ("&M1767&")") & CHAR(10) & _xlpm.vanillaPrefix & "Keyword = Uvi_Wig_Distr_KYWD|" & B1767 & CHAR(10) & _xlpm.vanillaPrefix & "Spell = " & _xlpm.spell & "|" & B1767 ) )} -> ;CWPrisonerImperial ;Keyword = Uvi_Wig_Distr_KYWD|CWPrisonerImperial ;Spell = No Spell for Hairstyle|CWPrisonerImperial
A1768: 0010D4B2 | B1768: CWPrisonerImperialA | D1768: Imperial | E1768: Male | F1768: HairMaleNord07 | G1768: {=IF(B1768="", "", LET(_xlpm.spell, IFERROR(IF(F1768="", "", INDEX(_xlws.FILTER(Hairstyles!$F:$F, ISNUMBER(SEARCH(F1768, Hairstyles!$B:$B))), 1)), "No Spell for Hairstyle"), _xlpm.vanillaPrefix, IF(LEFT(_xlpm.spell, 7)="Uvi_Wig", "", ";"), ";" & IF(C1768="", B1768, C1768) & IF(M1768="", "", " ("&M1768&")") & CHAR(10) & _xlpm.vanillaPrefix & "Keyword = Uvi_Wig_Distr_KYWD|" & B1768 & CHAR(10) & _xlpm.vanillaPrefix & "Spell = " & _xlpm.spell & "|" & B1768 ) )} -> ;CWPrisonerImperialA ;Keyword = Uvi_Wig_Distr_KYWD|CWPrisonerImperialA ;Spell = No Spell for Hairstyle|CWPrisonerImperialA
A1769: 0010D4B3 | B1769: CWPrisonerImperialB | D1769: Imperial | E1769: Male | F1769: HairMaleNord12 | G1769: {=IF(B1769="", "", LET(_xlpm.spell, IFERROR(IF(F1769="", "", INDEX(_xlws.FILTER(Hairstyles!$F:$F, ISNUMBER(SEARCH(F1769, Hairstyles!$B:$B))), 1)), "No Spell for Hairstyle"), _xlpm.vanillaPrefix, IF(LEFT(_xlpm.spell, 7)="Uvi_Wig", "", ";"), ";" & IF(C1769="", B1769, C1769) & IF(M1769="", "", " ("&M1769&")") & CHAR(10) & _xlpm.vanillaPrefix & "Keyword = Uvi_Wig_Distr_KYWD|" & B1769 & CHAR(10) & _xlpm.vanillaPrefix & "Spell = " & _xlpm.spell & "|" & B1769 ) )} -> ;CWPrisonerImperialB ;Keyword = Uvi_Wig_Distr_KYWD|CWPrisonerImperialB ;Spell = No Spell for Hairstyle|CWPrisonerImperialB
... A3514: 000590EF | B3514: WhiterunJailPrisoner | D3514: Nord | E3514: Male | F3514: HairMaleNord10 | G3514: {=IF(B3514="", "", LET(_xlpm.spell, IFERROR(IF(F3514="", "", INDEX(_xlws.FILTER(Hairstyles!$F:$F, ISNUMBER(SEARCH(F3514, Hairstyles!$B:$B))), 1)), "No Spell for Hairstyle"), _xlpm.vanillaPrefix, IF(LEFT(_xlpm.spell, 7)="Uvi_Wig", "", ";"), ";" & IF(C3514="", B3514, C3514) & IF(M3514="", "", " ("&M3514&")") & CHAR(10) & _xlpm.vanillaPrefix & "Keyword = Uvi_Wig_Distr_KYWD|" & B3514 & CHAR(10) & _xlpm.vanillaPrefix & "Spell = " & _xlpm.spell & "|" & B3514 ) )} -> ;WhiterunJailPrisoner ;Keyword = Uvi_Wig_Distr_KYWD|WhiterunJailPrisoner ;Spell = No Spell for Hairstyle|WhiterunJailPrisoner

Sheet Hairstyles
A1: Mod | B1: Hairstyle EditorIDs | C1: Hairstyle Name | D1: Zoom F | E1: Zoom S | F1: Wig Spell EditorID | G1: Valid Race Types | H1: Valid Genders | I1: Race_Gender Categories | J1: Requirements | K1: Race/Gender Specific Requirements | L1: Process_Screenshots CSV
A2: Vanilla | B2: HairArgonianFemale00,HairArgonianMale00,HairKhajiit00,HairKhajiitMale10,KhajiitFemaleEarTufts,KhajiitMaleEarTufts,NoHair | C2: Vanilla - Bald | D2: 1 | E2: 1 | F2: Uvi_Wig_Spell_VHRU_BaldCap | I2: Argonian_Male, Argonian_Female, Elf_Male, Elf_Female, Human_Male, Human_Female, HumanChild_Male, HumanChild_Female, Khajiit_Male, Khajiit_Female, Orc_Male, Orc_Female | J2: VHR,VHRWU | L2: =SUBSTITUTE(SUBSTITUTE(SUBSTITUTE(SUBSTITUTE(SUBSTITUTE(C2," ",""),"'",""),"(",""),")",""),"-","_")&","&D2&","&E2 -> Vanilla_Bald,1,1
A3: Vanilla | B3: HairArgonianFemale01,HairArgonianMale01 | C3: Vanilla - Argonian 01 | D3: 1 | E3: 1 | F3: Uvi_Wig_Spell_VHRU_Argonian01 | I3: Argonian_Female, Argonian_Male | J3: VHR,VHRWU | L3: =SUBSTITUTE(SUBSTITUTE(SUBSTITUTE(SUBSTITUTE(SUBSTITUTE(C3," ",""),"'",""),"(",""),")",""),"-","_")&","&D3&","&E3 -> Vanilla_Argonian01,1,1
A4: Vanilla | B4: HairArgonianFemale02,HairArgonianMale02 | C4: Vanilla - Argonian 02 | D4: 1 | E4: 1 | F4: Uvi_Wig_Spell_VHRU_Argonian02 | I4: Argonian_Female, Argonian_Male | J4: VHR,VHRWU | L4: =SUBSTITUTE(SUBSTITUTE(SUBSTITUTE(SUBSTITUTE(SUBSTITUTE(C4," ",""),"'",""),"(",""),")",""),"-","_")&","&D4&","&E4 -> Vanilla_Argonian02,1,1
A5: Vanilla | B5: HairArgonianFemale03,HairArgonianMale03 | C5: Vanilla - Argonian 03 | D5: 1 | E5: 1 | F5: Uvi_Wig_Spell_VHRU_Argonian03 | I5: Argonian_Female, Argonian_Male | J5: VHR,VHRWU | L5: =SUBSTITUTE(SUBSTITUTE(SUBSTITUTE(SUBSTITUTE(SUBSTITUTE(C5," ",""),"'",""),"(",""),")",""),"-","_")&","&D5&","&E5 -> Vanilla_Argonian03,1,1
A6: Vanilla | B6: HairArgonianFemale04,HairArgonianMale04 | C6: Vanilla - Argonian 04 | D6: 1 | E6: 1 | F6: Uvi_Wig_Spell_VHRU_Argonian04 | I6: Argonian_Female, Argonian_Male | J6: VHR,VHRWU | L6: =SUBSTITUTE(SUBSTITUTE(SUBSTITUTE(SUBSTITUTE(SUBSTITUTE(C6," ",""),"'",""),"(",""),")",""),"-","_")&","&D6&","&E6 -> Vanilla_Argonian04,1,1
A7: Vanilla | B7: HairArgonianFemale05,HairArgonianMale05 | C7: Vanilla - Argonian 05 | D7: 1 | E7: 1 | F7: Uvi_Wig_Spell_VHRU_Argonian05 | I7: Argonian_Female, Argonian_Male | J7: VHR,VHRWU | L7: =SUBSTITUTE(SUBSTITUTE(SUBSTITUTE(SUBSTITUTE(SUBSTITUTE(C7," ",""),"'",""),"(",""),")",""),"-","_")&","&D7&","&E7 -> Vanilla_Argonian05,1,1
A8: Vanilla | B8: HairArgonianFemale06,HairArgonianMale06 | C8: Vanilla - Argonian 06 | D8: 1 | E8: 1 | F8: Uvi_Wig_Spell_VHRU_Argonian06 | I8: Argonian_Female, Argonian_Male | J8: VHR,VHRWU | L8: =SUBSTITUTE(SUBSTITUTE(SUBSTITUTE(SUBSTITUTE(SUBSTITUTE(C8," ",""),"'",""),"(",""),")",""),"-","_")&","&D8&","&E8 -> Vanilla_Argonian06,1,1
A9: Vanilla | B9: HairArgonianFemale07,HairArgonianMale07 | C9: Vanilla - Argonian 07 | D9: 1 | E9: 1 | F9: Uvi_Wig_Spell_VHRU_Argonian07 | I9: Argonian_Female, Argonian_Male | J9: VHR,VHRWU | L9: =SUBSTITUTE(SUBSTITUTE(SUBSTITUTE(SUBSTITUTE(SUBSTITUTE(C9," ",""),"'",""),"(",""),")",""),"-","_")&","&D9&","&E9 -> Vanilla_Argonian07,1,1
A10: Vanilla | B10: HairArgonianFemale08,HairArgonianMale08 | C10: Vanilla - Argonian 08 | D10: 1 | E10: 1 | F10: Uvi_Wig_Spell_VHRU_Argonian08 | I10: Argonian_Female, Argonian_Male | J10: VHR,VHRWU | L10: =SUBSTITUTE(SUBSTITUTE(SUBSTITUTE(SUBSTITUTE(SUBSTITUTE(C10," ",""),"'",""),"(",""),")",""),"-","_")&","&D10&","&E10 -> Vanilla_Argonian08,1,1
A11: Vanilla | B11: HairArgonianFemale09,HairArgonianMale09 | C11: Vanilla - Argonian 09 | D11: 1 | E11: 1 | F11: Uvi_Wig_Spell_VHRU_Argonian09 | I11: Argonian_Female, Argonian_Male | J11: VHR,VHRWU | L11: =SUBSTITUTE(SUBSTITUTE(SUBSTITUTE(SUBSTITUTE(SUBSTITUTE(C11," ",""),"'",""),"(",""),")",""),"-","_")&","&D11&","&E11 -> Vanilla_Argonian09,1,1
A12: Vanilla | B12: HairArgonianFemale10,HairArgonianMale10 | C12: Vanilla - Argonian 10 | D12: 1 | E12: 1 | F12: Uvi_Wig_Spell_VHRU_Argonian10 | I12: Argonian_Female, Argonian_Male | J12: VHR,VHRWU | L12: =SUBSTITUTE(SUBSTITUTE(SUBSTITUTE(SUBSTITUTE(SUBSTITUTE(C12," ",""),"'",""),"(",""),")",""),"-","_")&","&D12&","&E12 -> Vanilla_Argonian10,1,1
A13: Vanilla | B13: HairArgonianFemale11 | C13: Vanilla - Argonian 11 | D13: 1 | E13: 1 | F13: Uvi_Wig_Spell_VHRU_Argonian11 | I13: Argonian_Female | J13: VHR,VHRWU | L13: =SUBSTITUTE(SUBSTITUTE(SUBSTITUTE(SUBSTITUTE(SUBSTITUTE(C13," ",""),"'",""),"(",""),")",""),"-","_")&","&D13&","&E13 -> Vanilla_Argonian11,1,1
... A112: Vanilla | B112: HairMaleDarkElf06 | C112: Vanilla - Widow's Peak Windswept | D112: 1 | E112: 1 | F112: Uvi_Wig_Spell_VHRU_WidowsPeakWindswept | I112: Human_Female, Human_Male, Elf_Female, Elf_Male, Orc_Female, Orc_Male, Khajiit_Female, Khajiit_Male | J112: VHR,VHRWU | L112: =SUBSTITUTE(SUBSTITUTE(SUBSTITUTE(SUBSTITUTE(SUBSTITUTE(C112," ",""),"'",""),"(",""),")",""),"-","_")&","&D112&","&E112 -> Vanilla_WidowsPeakWindswept,1,1
A113: Dint Hair Pack 02 | C113: Dint Hair Pack 02 - 1 | D113: 3 | E113: =D113 -> 3 | F113: Uvi_Wig_Spell_Dint02_01 | G113: Elf, Human, Orc | H113: Female | I113: =IFERROR(__xludf.DUMMYFUNCTION("IF(OR(TRIM(G113)="""",TRIM(H113)=""""),"""",TEXTJOIN("", "",TRUE,ARRAYFORMULA(TRANSPOSE(TRIM(SPLIT(G113,"","")))&""_""&TRIM(SPLIT(H113,"","")))))"),"Elf_Female, Human_Female, Orc_Female") -> Elf_Female, Human_Female, Orc_Female | J113: Dint02 | L113: =SUBSTITUTE(SUBSTITUTE(SUBSTITUTE(SUBSTITUTE(SUBSTITUTE(C113," ",""),"'",""),"(",""),")",""),"-","_")&","&D113&","&E113 -> DintHairPack02_1,3,3
A114: Dint Hair Pack 02 | C114: Dint Hair Pack 02 - 2 | D114: 3 | E114: =D114 -> 3 | F114: Uvi_Wig_Spell_Dint02_02 | G114: Elf, Human, Orc | H114: Female | I114: =IFERROR(__xludf.DUMMYFUNCTION("IF(OR(TRIM(G114)="""",TRIM(H114)=""""),"""",TEXTJOIN("", "",TRUE,ARRAYFORMULA(TRANSPOSE(TRIM(SPLIT(G114,"","")))&""_""&TRIM(SPLIT(H114,"","")))))"),"Elf_Female, Human_Female, Orc_Female") -> Elf_Female, Human_Female, Orc_Female | J114: Dint02 | L114: =SUBSTITUTE(SUBSTITUTE(SUBSTITUTE(SUBSTITUTE(SUBSTITUTE(C114," ",""),"'",""),"(",""),")",""),"-","_")&","&D114&","&E114 -> DintHairPack02_2,3,3
A115: Dint Hair Pack 02 | C115: Dint Hair Pack 02 - 3 | D115: 3 | E115: =D115 -> 3 | F115: Uvi_Wig_Spell_Dint02_03 | G115: Elf, Human, Orc | H115: Male, Female | I115: =IFERROR(__xludf.DUMMYFUNCTION("IF(OR(TRIM(G115)="""",TRIM(H115)=""""),"""",TEXTJOIN("", "",TRUE,ARRAYFORMULA(TRANSPOSE(TRIM(SPLIT(G115,"","")))&""_""&TRIM(SPLIT(H115,"","")))))"),"Elf_Male, Elf_Female, Human_Male, Human_Female, Orc_Male, Orc_Female") -> Elf_Male, Elf_Female, Human_Male, Human_Female, Orc_Male, Orc_Female | J115: Dint02 | L115: =SUBSTITUTE(SUBSTITUTE(SUBSTITUTE(SUBSTITUTE(SUBSTITUTE(C115," ",""),"'",""),"(",""),")",""),"-","_")&","&D115&","&E115 -> DintHairPack02_3,3,3
A116: Dint Hair Pack 02 | C116: Dint Hair Pack 02 - 3 Long | D116: 4 | E116: =D116 -> 4 | F116: Uvi_Wig_Spell_Dint02_03Long | G116: Elf, Human, Orc | H116: Female | I116: =IFERROR(__xludf.DUMMYFUNCTION("IF(OR(TRIM(G116)="""",TRIM(H116)=""""),"""",TEXTJOIN("", "",TRUE,ARRAYFORMULA(TRANSPOSE(TRIM(SPLIT(G116,"","")))&""_""&TRIM(SPLIT(H116,"","")))))"),"Elf_Female, Human_Female, Orc_Female") -> Elf_Female, Human_Female, Orc_Female | J116: Dint02 | L116: =SUBSTITUTE(SUBSTITUTE(SUBSTITUTE(SUBSTITUTE(SUBSTITUTE(C116," ",""),"'",""),"(",""),")",""),"-","_")&","&D116&","&E116 -> DintHairPack02_3Long,4,4
A117: Dint Hair Pack 02 | C117: Dint Hair Pack 02 - 4 | D117: 3 | E117: =D117 -> 3 | F117: Uvi_Wig_Spell_Dint02_04 | G117: Elf, Human, Orc | H117: Male, Female | I117: =IFERROR(__xludf.DUMMYFUNCTION("IF(OR(TRIM(G117)="""",TRIM(H117)=""""),"""",TEXTJOIN("", "",TRUE,ARRAYFORMULA(TRANSPOSE(TRIM(SPLIT(G117,"","")))&""_""&TRIM(SPLIT(H117,"","")))))"),"Elf_Male, Elf_Female, Human_Male, Human_Female, Orc_Male, Orc_Female") -> Elf_Male, Elf_Female, Human_Male, Human_Female, Orc_Male, Orc_Female | J117: Dint02 | L117: =SUBSTITUTE(SUBSTITUTE(SUBSTITUTE(SUBSTITUTE(SUBSTITUTE(C117," ",""),"'",""),"(",""),")",""),"-","_")&","&D117&","&E117 -> DintHairPack02_4,3,3
A118: Dint Hair Pack 02 | C118: Dint Hair Pack 02 - 5 | D118: 3 | E118: 4 | F118: Uvi_Wig_Spell_Dint02_05 | G118: Elf, Human, Orc | H118: Male, Female | I118: =IFERROR(__xludf.DUMMYFUNCTION("IF(OR(TRIM(G118)="""",TRIM(H118)=""""),"""",TEXTJOIN("", "",TRUE,ARRAYFORMULA(TRANSPOSE(TRIM(SPLIT(G118,"","")))&""_""&TRIM(SPLIT(H118,"","")))))"),"Elf_Male, Elf_Female, Human_Male, Human_Female, Orc_Male, Orc_Female") -> Elf_Male, Elf_Female, Human_Male, Human_Female, Orc_Male, Orc_Female | J118: Dint02 | L118: =SUBSTITUTE(SUBSTITUTE(SUBSTITUTE(SUBSTITUTE(SUBSTITUTE(C118," ",""),"'",""),"(",""),")",""),"-","_")&","&D118&","&E118 -> DintHairPack02_5,3,4
A119: Dint Hair Pack 02 | C119: Dint Hair Pack 02 - 6 | D119: 1 | E119: =D119 -> 1 | F119: Uvi_Wig_Spell_Dint02_06 | G119: Elf, Human, Orc | H119: Male, Female | I119: =IFERROR(__xludf.DUMMYFUNCTION("IF(OR(TRIM(G119)="""",TRIM(H119)=""""),"""",TEXTJOIN("", "",TRUE,ARRAYFORMULA(TRANSPOSE(TRIM(SPLIT(G119,"","")))&""_""&TRIM(SPLIT(H119,"","")))))"),"Elf_Male, Elf_Female, Human_Male, Human_Female, Orc_Male, Orc_Female") -> Elf_Male, Elf_Female, Human_Male, Human_Female, Orc_Male, Orc_Female | J119: Dint02 | L119: =SUBSTITUTE(SUBSTITUTE(SUBSTITUTE(SUBSTITUTE(SUBSTITUTE(C119," ",""),"'",""),"(",""),")",""),"-","_")&","&D119&","&E119 -> DintHairPack02_6,1,1
A120: Dint Hair Pack 02 | C120: Dint Hair Pack 02 - 7 | D120: 3 | E120: 4 | F120: Uvi_Wig_Spell_Dint02_07 | G120: Elf, Human, Orc | H120: Female | I120: =IFERROR(__xludf.DUMMYFUNCTION("IF(OR(TRIM(G120)="""",TRIM(H120)=""""),"""",TEXTJOIN("", "",TRUE,ARRAYFORMULA(TRANSPOSE(TRIM(SPLIT(G120,"","")))&""_""&TRIM(SPLIT(H120,"","")))))"),"Elf_Female, Human_Female, Orc_Female") -> Elf_Female, Human_Female, Orc_Female | J120: Dint02 | L120: =SUBSTITUTE(SUBSTITUTE(SUBSTITUTE(SUBSTITUTE(SUBSTITUTE(C120," ",""),"'",""),"(",""),")",""),"-","_")&","&D120&","&E120 -> DintHairPack02_7,3,4
A121: Dint Hair Pack 02 | C121: Dint Hair Pack 02 - 8 | D121: 3 | E121: 3 | F121: Uvi_Wig_Spell_Dint02_08 | G121: Elf, Human, Orc | H121: Male, Female | I121: =IFERROR(__xludf.DUMMYFUNCTION("IF(OR(TRIM(G121)="""",TRIM(H121)=""""),"""",TEXTJOIN("", "",TRUE,ARRAYFORMULA(TRANSPOSE(TRIM(SPLIT(G121,"","")))&""_""&TRIM(SPLIT(H121,"","")))))"),"Elf_Male, Elf_Female, Human_Male, Human_Female, Orc_Male, Orc_Female") -> Elf_Male, Elf_Female, Human_Male, Human_Female, Orc_Male, Orc_Female | J121: Dint02 | L121: =SUBSTITUTE(SUBSTITUTE(SUBSTITUTE(SUBSTITUTE(SUBSTITUTE(C121," ",""),"'",""),"(",""),")",""),"-","_")&","&D121&","&E121 -> DintHairPack02_8,3,3
A122: Dint Hair Pack 02 | C122: Dint Hair Pack 02 - 9 | D122: 1 | E122: 2 | F122: Uvi_Wig_Spell_Dint02_09 | G122: Elf, Human, Orc | H122: Female | I122: =IFERROR(__xludf.DUMMYFUNCTION("IF(OR(TRIM(G122)="""",TRIM(H122)=""""),"""",TEXTJOIN("", "",TRUE,ARRAYFORMULA(TRANSPOSE(TRIM(SPLIT(G122,"","")))&""_""&TRIM(SPLIT(H122,"","")))))"),"Elf_Female, Human_Female, Orc_Female") -> Elf_Female, Human_Female, Orc_Female | J122: Dint02 | L122: =SUBSTITUTE(SUBSTITUTE(SUBSTITUTE(SUBSTITUTE(SUBSTITUTE(C122," ",""),"'",""),"(",""),")",""),"-","_")&","&D122&","&E122 -> DintHairPack02_9,1,2
A123: Dint Hair Pack 02 | C123: Dint Hair Pack 02 - 10 | D123: 3 | E123: 3 | F123: Uvi_Wig_Spell_Dint02_10 | G123: Elf, Human, Orc | H123: Male, Female | I123: =IFERROR(__xludf.DUMMYFUNCTION("IF(OR(TRIM(G123)="""",TRIM(H123)=""""),"""",TEXTJOIN("", "",TRUE,ARRAYFORMULA(TRANSPOSE(TRIM(SPLIT(G123,"","")))&""_""&TRIM(SPLIT(H123,"","")))))"),"Elf_Male, Elf_Female, Human_Male, Human_Female, Orc_Male, Orc_Female") -> Elf_Male, Elf_Female, Human_Male, Human_Female, Orc_Male, Orc_Female | J123: Dint02 | L123: =SUBSTITUTE(SUBSTITUTE(SUBSTITUTE(SUBSTITUTE(SUBSTITUTE(C123," ",""),"'",""),"(",""),")",""),"-","_")&","&D123&","&E123 -> DintHairPack02_10,3,3
A124: Dint Hair Pack 02 | C124: Dint Hair Pack 02 - 11 | D124: 1 | E124: 4 | F124: Uvi_Wig_Spell_Dint02_11 | G124: Elf, Human, Orc | H124: Female | I124: =IFERROR(__xludf.DUMMYFUNCTION("IF(OR(TRIM(G124)="""",TRIM(H124)=""""),"""",TEXTJOIN("", "",TRUE,ARRAYFORMULA(TRANSPOSE(TRIM(SPLIT(G124,"","")))&""_""&TRIM(SPLIT(H124,"","")))))"),"Elf_Female, Human_Female, Orc_Female") -> Elf_Female, Human_Female, Orc_Female | J124: Dint02 | L124: =SUBSTITUTE(SUBSTITUTE(SUBSTITUTE(SUBSTITUTE(SUBSTITUTE(C124," ",""),"'",""),"(",""),")",""),"-","_")&","&D124&","&E124 -> DintHairPack02_11,1,4
A125: Dint Hair Pack 02 | C125: Dint Hair Pack 02 - 12 | D125: 2 | E125: =D125 -> 2 | F125: Uvi_Wig_Spell_Dint02_12 | G125: Elf, Human, Orc | H125: Female | I125: =IFERROR(__xludf.DUMMYFUNCTION("IF(OR(TRIM(G125)="""",TRIM(H125)=""""),"""",TEXTJOIN("", "",TRUE,ARRAYFORMULA(TRANSPOSE(TRIM(SPLIT(G125,"","")))&""_""&TRIM(SPLIT(H125,"","")))))"),"Elf_Female, Human_Female, Orc_Female") -> Elf_Female, Human_Female, Orc_Female | J125: Dint02 | L125: =SUBSTITUTE(SUBSTITUTE(SUBSTITUTE(SUBSTITUTE(SUBSTITUTE(C125," ",""),"'",""),"(",""),")",""),"-","_")&","&D125&","&E125 -> DintHairPack02_12,2,2
A126: Dint Hair Pack 02 | C126: Dint Hair Pack 02 - 13 | D126: 2 | E126: =D126 -> 2 | F126: Uvi_Wig_Spell_Dint02_13 | G126: Elf, Human, Orc | H126: Female | I126: =IFERROR(__xludf.DUMMYFUNCTION("IF(OR(TRIM(G126)="""",TRIM(H126)=""""),"""",TEXTJOIN("", "",TRUE,ARRAYFORMULA(TRANSPOSE(TRIM(SPLIT(G126,"","")))&""_""&TRIM(SPLIT(H126,"","")))))"),"Elf_Female, Human_Female, Orc_Female") -> Elf_Female, Human_Female, Orc_Female | J126: Dint02 | L126: =SUBSTITUTE(SUBSTITUTE(SUBSTITUTE(SUBSTITUTE(SUBSTITUTE(C126," ",""),"'",""),"(",""),")",""),"-","_")&","&D126&","&E126 -> DintHairPack02_13,2,2
A127: Dint Hair Pack 02 | C127: Dint Hair Pack 02 - 14 | D127: 2 | E127: =D127 -> 2 | F127: Uvi_Wig_Spell_Dint02_14 | G127: Elf, Human, Orc | H127: Female | I127: =IFERROR(__xludf.DUMMYFUNCTION("IF(OR(TRIM(G127)="""",TRIM(H127)=""""),"""",TEXTJOIN("", "",TRUE,ARRAYFORMULA(TRANSPOSE(TRIM(SPLIT(G127,"","")))&""_""&TRIM(SPLIT(H127,"","")))))"),"Elf_Female, Human_Female, Orc_Female") -> Elf_Female, Human_Female, Orc_Female | J127: Dint02 | L127: =SUBSTITUTE(SUBSTITUTE(SUBSTITUTE(SUBSTITUTE(SUBSTITUTE(C127," ",""),"'",""),"(",""),")",""),"-","_")&","&D127&","&E127 -> DintHairPack02_14,2,2
A128: Dint Hair Pack 02 | C128: Dint Hair Pack 02 - 15 | D128: 3 | E128: 4 | F128: Uvi_Wig_Spell_Dint02_15 | G128: Elf, Human, Orc | H128: Male, Female | I128: =IFERROR(__xludf.DUMMYFUNCTION("IF(OR(TRIM(G128)="""",TRIM(H128)=""""),"""",TEXTJOIN("", "",TRUE,ARRAYFORMULA(TRANSPOSE(TRIM(SPLIT(G128,"","")))&""_""&TRIM(SPLIT(H128,"","")))))"),"Elf_Male, Elf_Female, Human_Male, Human_Female, Orc_Male, Orc_Female") -> Elf_Male, Elf_Female, Human_Male, Human_Female, Orc_Male, Orc_Female | J128: Dint02 | L128: =SUBSTITUTE(SUBSTITUTE(SUBSTITUTE(SUBSTITUTE(SUBSTITUTE(C128," ",""),"'",""),"(",""),")",""),"-","_")&","&D128&","&E128 -> DintHairPack02_15,3,4
A129: Dint Hair Pack 02 | C129: Dint Hair Pack 02 - 16 | D129: 3 | E129: 4 | F129: Uvi_Wig_Spell_Dint02_16 | G129: Elf, Human, Orc | H129: Male, Female | I129: =IFERROR(__xludf.DUMMYFUNCTION("IF(OR(TRIM(G129)="""",TRIM(H129)=""""),"""",TEXTJOIN("", "",TRUE,ARRAYFORMULA(TRANSPOSE(TRIM(SPLIT(G129,"","")))&""_""&TRIM(SPLIT(H129,"","")))))"),"Elf_Male, Elf_Female, Human_Male, Human_Female, Orc_Male, Orc_Female") -> Elf_Male, Elf_Female, Human_Male, Human_Female, Orc_Male, Orc_Female | J129: Dint02 | L129: =SUBSTITUTE(SUBSTITUTE(SUBSTITUTE(SUBSTITUTE(SUBSTITUTE(C129," ",""),"'",""),"(",""),")",""),"-","_")&","&D129&","&E129 -> DintHairPack02_16,3,4
A130: Dint Hair Pack 02 | C130: Dint Hair Pack 02 - 17 | D130: 1 | E130: =D130 -> 1 | F130: Uvi_Wig_Spell_Dint02_17 | G130: Elf, Human, Orc | H130: Male, Female | I130: =IFERROR(__xludf.DUMMYFUNCTION("IF(OR(TRIM(G130)="""",TRIM(H130)=""""),"""",TEXTJOIN("", "",TRUE,ARRAYFORMULA(TRANSPOSE(TRIM(SPLIT(G130,"","")))&""_""&TRIM(SPLIT(H130,"","")))))"),"Elf_Male, Elf_Female, Human_Male, Human_Female, Orc_Male, Orc_Female") -> Elf_Male, Elf_Female, Human_Male, Human_Female, Orc_Male, Orc_Female | J130: Dint02 | L130: =SUBSTITUTE(SUBSTITUTE(SUBSTITUTE(SUBSTITUTE(SUBSTITUTE(C130," ",""),"'",""),"(",""),")",""),"-","_")&","&D130&","&E130 -> DintHairPack02_17,1,1
A131: Dint Hair Pack 02 | C131: Dint Hair Pack 02 - 18A | D131: 3 | E131: 4 | F131: Uvi_Wig_Spell_Dint02_18A | G131: Elf, Human, Orc | H131: Male, Female | I131: =IFERROR(__xludf.DUMMYFUNCTION("IF(OR(TRIM(G131)="""",TRIM(H131)=""""),"""",TEXTJOIN("", "",TRUE,ARRAYFORMULA(TRANSPOSE(TRIM(SPLIT(G131,"","")))&""_""&TRIM(SPLIT(H131,"","")))))"),"Elf_Male, Elf_Female, Human_Male, Human_Female, Orc_Male, Orc_Female") -> Elf_Male, Elf_Female, Human_Male, Human_Female, Orc_Male, Orc_Female | J131: Dint02 | L131: =SUBSTITUTE(SUBSTITUTE(SUBSTITUTE(SUBSTITUTE(SUBSTITUTE(C131," ",""),"'",""),"(",""),")",""),"-","_")&","&D131&","&E131 -> DintHairPack02_18A,3,4
A132: Dint Hair Pack 02 | C132: Dint Hair Pack 02 - 18B | D132: 2 | E132: 4 | F132: Uvi_Wig_Spell_Dint02_18B | G132: Elf, Human, Orc | H132: Male, Female | I132: =IFERROR(__xludf.DUMMYFUNCTION("IF(OR(TRIM(G132)="""",TRIM(H132)=""""),"""",TEXTJOIN("", "",TRUE,ARRAYFORMULA(TRANSPOSE(TRIM(SPLIT(G132,"","")))&""_""&TRIM(SPLIT(H132,"","")))))"),"Elf_Male, Elf_Female, Human_Male, Human_Female, Orc_Male, Orc_Female") -> Elf_Male, Elf_Female, Human_Male, Human_Female, Orc_Male, Orc_Female | J132: Dint02 | L132: =SUBSTITUTE(SUBSTITUTE(SUBSTITUTE(SUBSTITUTE(SUBSTITUTE(C132," ",""),"'",""),"(",""),")",""),"-","_")&","&D132&","&E132 -> DintHairPack02_18B,2,4
A133: Dint Hair Pack 02 | C133: Dint Hair Pack 02 - 18C | D133: 2 | E133: 4 | F133: Uvi_Wig_Spell_Dint02_18C | G133: Elf, Human, Orc | H133: Male, Female | I133: =IFERROR(__xludf.DUMMYFUNCTION("IF(OR(TRIM(G133)="""",TRIM(H133)=""""),"""",TEXTJOIN("", "",TRUE,ARRAYFORMULA(TRANSPOSE(TRIM(SPLIT(G133,"","")))&""_""&TRIM(SPLIT(H133,"","")))))"),"Elf_Male, Elf_Female, Human_Male, Human_Female, Orc_Male, Orc_Female") -> Elf_Male, Elf_Female, Human_Male, Human_Female, Orc_Male, Orc_Female | J133: Dint02 | L133: =SUBSTITUTE(SUBSTITUTE(SUBSTITUTE(SUBSTITUTE(SUBSTITUTE(C133," ",""),"'",""),"(",""),")",""),"-","_")&","&D133&","&E133 -> DintHairPack02_18C,2,4
A134: Dint Hair Pack 02 | C134: Dint Hair Pack 02 - 19 | D134: 2 | E134: 3 | F134: Uvi_Wig_Spell_Dint02_19 | G134: Elf, Human, Orc | H134: Male, Female | I134: =IFERROR(__xludf.DUMMYFUNCTION("IF(OR(TRIM(G134)="""",TRIM(H134)=""""),"""",TEXTJOIN("", "",TRUE,ARRAYFORMULA(TRANSPOSE(TRIM(SPLIT(G134,"","")))&""_""&TRIM(SPLIT(H134,"","")))))"),"Elf_Male, Elf_Female, Human_Male, Human_Female, Orc_Male, Orc_Female") -> Elf_Male, Elf_Female, Human_Male, Human_Female, Orc_Male, Orc_Female | J134: Dint02 | L134: =SUBSTITUTE(SUBSTITUTE(SUBSTITUTE(SUBSTITUTE(SUBSTITUTE(C134," ",""),"'",""),"(",""),")",""),"-","_")&","&D134&","&E134 -> DintHairPack02_19,2,3
A135: Dint Hair Pack 02 | C135: Dint Hair Pack 02 - 20 | D135: 3 | E135: 3 | F135: Uvi_Wig_Spell_Dint02_20 | G135: Elf, Human, Orc | H135: Male, Female | I135: =IFERROR(__xludf.DUMMYFUNCTION("IF(OR(TRIM(G135)="""",TRIM(H135)=""""),"""",TEXTJOIN("", "",TRUE,ARRAYFORMULA(TRANSPOSE(TRIM(SPLIT(G135,"","")))&""_""&TRIM(SPLIT(H135,"","")))))"),"Elf_Male, Elf_Female, Human_Male, Human_Female, Orc_Male, Orc_Female") -> Elf_Male, Elf_Female, Human_Male, Human_Female, Orc_Male, Orc_Female | J135: Dint02 | L135: =SUBSTITUTE(SUBSTITUTE(SUBSTITUTE(SUBSTITUTE(SUBSTITUTE(C135," ",""),"'",""),"(",""),")",""),"-","_")&","&D135&","&E135 -> DintHairPack02_20,3,3
A136: Dint Hair Pack 02 | C136: Dint Hair Pack 02 - 21 | D136: 2 | E136: =D136 -> 2 | F136: Uvi_Wig_Spell_Dint02_21 | G136: Elf, Human, Orc | H136: Male, Female | I136: =IFERROR(__xludf.DUMMYFUNCTION("IF(OR(TRIM(G136)="""",TRIM(H136)=""""),"""",TEXTJOIN("", "",TRUE,ARRAYFORMULA(TRANSPOSE(TRIM(SPLIT(G136,"","")))&""_""&TRIM(SPLIT(H136,"","")))))"),"Elf_Male, Elf_Female, Human_Male, Human_Female, Orc_Male, Orc_Female") -> Elf_Male, Elf_Female, Human_Male, Human_Female, Orc_Male, Orc_Female | J136: Dint02 | L136: =SUBSTITUTE(SUBSTITUTE(SUBSTITUTE(SUBSTITUTE(SUBSTITUTE(C136," ",""),"'",""),"(",""),")",""),"-","_")&","&D136&","&E136 -> DintHairPack02_21,2,2
A137: Dint Hair Pack 02 | C137: Dint Hair Pack 02 - 22 | D137: 2 | E137: 4 | F137: Uvi_Wig_Spell_Dint02_22 | G137: Elf, Human, Orc | H137: Male, Female | I137: =IFERROR(__xludf.DUMMYFUNCTION("IF(OR(TRIM(G137)="""",TRIM(H137)=""""),"""",TEXTJOIN("", "",TRUE,ARRAYFORMULA(TRANSPOSE(TRIM(SPLIT(G137,"","")))&""_""&TRIM(SPLIT(H137,"","")))))"),"Elf_Male, Elf_Female, Human_Male, Human_Female, Orc_Male, Orc_Female") -> Elf_Male, Elf_Female, Human_Male, Human_Female, Orc_Male, Orc_Female | J137: Dint02 | L137: =SUBSTITUTE(SUBSTITUTE(SUBSTITUTE(SUBSTITUTE(SUBSTITUTE(C137," ",""),"'",""),"(",""),")",""),"-","_")&","&D137&","&E137 -> DintHairPack02_22,2,4
A138: Dint Hair Pack 02 | C138: Dint Hair Pack 02 - 23 | D138: 2 | E138: 2 | F138: Uvi_Wig_Spell_Dint02_23 | G138: Elf, Human, Orc | H138: Male, Female | I138: =IFERROR(__xludf.DUMMYFUNCTION("IF(OR(TRIM(G138)="""",TRIM(H138)=""""),"""",TEXTJOIN("", "",TRUE,ARRAYFORMULA(TRANSPOSE(TRIM(SPLIT(G138,"","")))&""_""&TRIM(SPLIT(H138,"","")))))"),"Elf_Male, Elf_Female, Human_Male, Human_Female, Orc_Male, Orc_Female") -> Elf_Male, Elf_Female, Human_Male, Human_Female, Orc_Male, Orc_Female | J138: Dint02 | L138: =SUBSTITUTE(SUBSTITUTE(SUBSTITUTE(SUBSTITUTE(SUBSTITUTE(C138," ",""),"'",""),"(",""),")",""),"-","_")&","&D138&","&E138 -> DintHairPack02_23,2,2
A139: Dint Hair Pack 02 | C139: Dint Hair Pack 02 - 24 | D139: 2 | E139: 3 | F139: Uvi_Wig_Spell_Dint02_24 | G139: Elf, Human, Orc | H139: Male, Female | I139: =IFERROR(__xludf.DUMMYFUNCTION("IF(OR(TRIM(G139)="""",TRIM(H139)=""""),"""",TEXTJOIN("", "",TRUE,ARRAYFORMULA(TRANSPOSE(TRIM(SPLIT(G139,"","")))&""_""&TRIM(SPLIT(H139,"","")))))"),"Elf_Male, Elf_Female, Human_Male, Human_Female, Orc_Male, Orc_Female") -> Elf_Male, Elf_Female, Human_Male, Human_Female, Orc_Male, Orc_Female | J139: Dint02 | L139: =SUBSTITUTE(SUBSTITUTE(SUBSTITUTE(SUBSTITUTE(SUBSTITUTE(C139," ",""),"'",""),"(",""),")",""),"-","_")&","&D139&","&E139 -> DintHairPack02_24,2,3
A140: Dint Hair Pack 02 | C140: Dint Hair Pack 02 - 25 | D140: 2 | E140: 3 | F140: Uvi_Wig_Spell_Dint02_25 | G140: Elf, Human, Orc | H140: Male, Female | I140: =IFERROR(__xludf.DUMMYFUNCTION("IF(OR(TRIM(G140)="""",TRIM(H140)=""""),"""",TEXTJOIN("", "",TRUE,ARRAYFORMULA(TRANSPOSE(TRIM(SPLIT(G140,"","")))&""_""&TRIM(SPLIT(H140,"","")))))"),"Elf_Male, Elf_Female, Human_Male, Human_Female, Orc_Male, Orc_Female") -> Elf_Male, Elf_Female, Human_Male, Human_Female, Orc_Male, Orc_Female | J140: Dint02 | L140: =SUBSTITUTE(SUBSTITUTE(SUBSTITUTE(SUBSTITUTE(SUBSTITUTE(C140," ",""),"'",""),"(",""),")",""),"-","_")&","&D140&","&E140 -> DintHairPack02_25,2,3
A141: Dint Hair Pack 02 | C141: Dint Hair Pack 02 - 26 | D141: 2 | E141: 3 | F141: Uvi_Wig_Spell_Dint02_26 | G141: Elf, Human, Orc | H141: Male, Female | I141: =IFERROR(__xludf.DUMMYFUNCTION("IF(OR(TRIM(G141)="""",TRIM(H141)=""""),"""",TEXTJOIN("", "",TRUE,ARRAYFORMULA(TRANSPOSE(TRIM(SPLIT(G141,"","")))&""_""&TRIM(SPLIT(H141,"","")))))"),"Elf_Male, Elf_Female, Human_Male, Human_Female, Orc_Male, Orc_Female") -> Elf_Male, Elf_Female, Human_Male, Human_Female, Orc_Male, Orc_Female | J141: Dint02 | L141: =SUBSTITUTE(SUBSTITUTE(SUBSTITUTE(SUBSTITUTE(SUBSTITUTE(C141," ",""),"'",""),"(",""),")",""),"-","_")&","&D141&","&E141 -> DintHairPack02_26,2,3
A142: Dint Hair Pack 02 | C142: Dint Hair Pack 02 - 27 | D142: 3 | E142: 4 | F142: Uvi_Wig_Spell_Dint02_27 | G142: Elf, Human, Orc | H142: Female | I142: =IFERROR(__xludf.DUMMYFUNCTION("IF(OR(TRIM(G142)="""",TRIM(H142)=""""),"""",TEXTJOIN("", "",TRUE,ARRAYFORMULA(TRANSPOSE(TRIM(SPLIT(G142,"","")))&""_""&TRIM(SPLIT(H142,"","")))))"),"Elf_Female, Human_Female, Orc_Female") -> Elf_Female, Human_Female, Orc_Female | J142: Dint02 | L142: =SUBSTITUTE(SUBSTITUTE(SUBSTITUTE(SUBSTITUTE(SUBSTITUTE(C142," ",""),"'",""),"(",""),")",""),"-","_")&","&D142&","&E142 -> DintHairPack02_27,3,4
A143: Dint Hair Pack 02 | C143: Dint Hair Pack 02 - 28 | D143: 3 | E143: =D143 -> 3 | F143: Uvi_Wig_Spell_Dint02_28 | G143: Elf, Human, Orc | H143: Male, Female | I143: =IFERROR(__xludf.DUMMYFUNCTION("IF(OR(TRIM(G143)="""",TRIM(H143)=""""),"""",TEXTJOIN("", "",TRUE,ARRAYFORMULA(TRANSPOSE(TRIM(SPLIT(G143,"","")))&""_""&TRIM(SPLIT(H143,"","")))))"),"Elf_Male, Elf_Female, Human_Male, Human_Female, Orc_Male, Orc_Female") -> Elf_Male, Elf_Female, Human_Male, Human_Female, Orc_Male, Orc_Female | J143: Dint02 | L143: =SUBSTITUTE(SUBSTITUTE(SUBSTITUTE(SUBSTITUTE(SUBSTITUTE(C143," ",""),"'",""),"(",""),")",""),"-","_")&","&D143&","&E143 -> DintHairPack02_28,3,3
A144: Dint Hair Pack 02 | C144: Dint Hair Pack 02 - 29 | D144: 3 | E144: =D144 -> 3 | F144: Uvi_Wig_Spell_Dint02_29 | G144: Elf, Human, Orc | H144: Female | I144: =IFERROR(__xludf.DUMMYFUNCTION("IF(OR(TRIM(G144)="""",TRIM(H144)=""""),"""",TEXTJOIN("", "",TRUE,ARRAYFORMULA(TRANSPOSE(TRIM(SPLIT(G144,"","")))&""_""&TRIM(SPLIT(H144,"","")))))"),"Elf_Female, Human_Female, Orc_Female") -> Elf_Female, Human_Female, Orc_Female | J144: Dint02 | L144: =SUBSTITUTE(SUBSTITUTE(SUBSTITUTE(SUBSTITUTE(SUBSTITUTE(C144," ",""),"'",""),"(",""),")",""),"-","_")&","&D144&","&E144 -> DintHairPack02_29,3,3
A145: Dint Hair Pack 02 | C145: Dint Hair Pack 02 - 30 | D145: 1 | E145: 3 | F145: Uvi_Wig_Spell_Dint02_30 | G145: Elf, Human, Orc | H145: Male, Female | I145: =IFERROR(__xludf.DUMMYFUNCTION("IF(OR(TRIM(G145)="""",TRIM(H145)=""""),"""",TEXTJOIN("", "",TRUE,ARRAYFORMULA(TRANSPOSE(TRIM(SPLIT(G145,"","")))&""_""&TRIM(SPLIT(H145,"","")))))"),"Elf_Male, Elf_Female, Human_Male, Human_Female, Orc_Male, Orc_Female") -> Elf_Male, Elf_Female, Human_Male, Human_Female, Orc_Male, Orc_Female | J145: Dint02 | L145: =SUBSTITUTE(SUBSTITUTE(SUBSTITUTE(SUBSTITUTE(SUBSTITUTE(C145," ",""),"'",""),"(",""),")",""),"-","_")&","&D145&","&E145 -> DintHairPack02_30,1,3
A146: Dint Hair Pack 02 | C146: Dint Hair Pack 02 - 31 | D146: 2 | E146: 3 | F146: Uvi_Wig_Spell_Dint02_31 | G146: Elf, Human, Orc | H146: Female | I146: =IFERROR(__xludf.DUMMYFUNCTION("IF(OR(TRIM(G146)="""",TRIM(H146)=""""),"""",TEXTJOIN("", "",TRUE,ARRAYFORMULA(TRANSPOSE(TRIM(SPLIT(G146,"","")))&""_""&TRIM(SPLIT(H146,"","")))))"),"Elf_Female, Human_Female, Orc_Female") -> Elf_Female, Human_Female, Orc_Female | J146: Dint02 | L146: =SUBSTITUTE(SUBSTITUTE(SUBSTITUTE(SUBSTITUTE(SUBSTITUTE(C146," ",""),"'",""),"(",""),")",""),"-","_")&","&D146&","&E146 -> DintHairPack02_31,2,3
A147: Dint Hair Pack 02 | C147: Dint Hair Pack 02 - 32 | D147: 1 | E147: 4 | F147: Uvi_Wig_Spell_Dint02_32 | G147: Elf, Human, Orc | H147: Female | I147: =IFERROR(__xludf.DUMMYFUNCTION("IF(OR(TRIM(G147)="""",TRIM(H147)=""""),"""",TEXTJOIN("", "",TRUE,ARRAYFORMULA(TRANSPOSE(TRIM(SPLIT(G147,"","")))&""_""&TRIM(SPLIT(H147,"","")))))"),"Elf_Female, Human_Female, Orc_Female") -> Elf_Female, Human_Female, Orc_Female | J147: Dint02 | L147: =SUBSTITUTE(SUBSTITUTE(SUBSTITUTE(SUBSTITUTE(SUBSTITUTE(C147," ",""),"'",""),"(",""),")",""),"-","_")&","&D147&","&E147 -> DintHairPack02_32,1,4
A148: Dint Hair Pack 02 | C148: Dint Hair Pack 02 - 33 | D148: 2 | E148: 4 | F148: Uvi_Wig_Spell_Dint02_33 | G148: Elf, Human, Orc | H148: Male, Female | I148: =IFERROR(__xludf.DUMMYFUNCTION("IF(OR(TRIM(G148)="""",TRIM(H148)=""""),"""",TEXTJOIN("", "",TRUE,ARRAYFORMULA(TRANSPOSE(TRIM(SPLIT(G148,"","")))&""_""&TRIM(SPLIT(H148,"","")))))"),"Elf_Male, Elf_Female, Human_Male, Human_Female, Orc_Male, Orc_Female") -> Elf_Male, Elf_Female, Human_Male, Human_Female, Orc_Male, Orc_Female | J148: Dint02 | L148: =SUBSTITUTE(SUBSTITUTE(SUBSTITUTE(SUBSTITUTE(SUBSTITUTE(C148," ",""),"'",""),"(",""),")",""),"-","_")&","&D148&","&E148 -> DintHairPack02_33,2,4
A149: Dint Hair Pack 02 | C149: Dint Hair Pack 02 - 34 | D149: 1 | E149: =D149 -> 1 | F149: Uvi_Wig_Spell_Dint02_34 | G149: Elf, Human, Orc | H149: Female | I149: =IFERROR(__xludf.DUMMYFUNCTION("IF(OR(TRIM(G149)="""",TRIM(H149)=""""),"""",TEXTJOIN("", "",TRUE,ARRAYFORMULA(TRANSPOSE(TRIM(SPLIT(G149,"","")))&""_""&TRIM(SPLIT(H149,"","")))))"),"Elf_Female, Human_Female, Orc_Female") -> Elf_Female, Human_Female, Orc_Female | J149: Dint02 | L149: =SUBSTITUTE(SUBSTITUTE(SUBSTITUTE(SUBSTITUTE(SUBSTITUTE(C149," ",""),"'",""),"(",""),")",""),"-","_")&","&D149&","&E149 -> DintHairPack02_34,1,1
A150: Dint Hair Pack 02 | C150: Dint Hair Pack 02 - 35 | D150: 1 | E150: =D150 -> 1 | F150: Uvi_Wig_Spell_Dint02_35 | G150: Elf, Human, Orc | H150: Female | I150: =IFERROR(__xludf.DUMMYFUNCTION("IF(OR(TRIM(G150)="""",TRIM(H150)=""""),"""",TEXTJOIN("", "",TRUE,ARRAYFORMULA(TRANSPOSE(TRIM(SPLIT(G150,"","")))&""_""&TRIM(SPLIT(H150,"","")))))"),"Elf_Female, Human_Female, Orc_Female") -> Elf_Female, Human_Female, Orc_Female | J150: Dint02 | L150: =SUBSTITUTE(SUBSTITUTE(SUBSTITUTE(SUBSTITUTE(SUBSTITUTE(C150," ",""),"'",""),"(",""),")",""),"-","_")&","&D150&","&E150 -> DintHairPack02_35,1,1
A151: Fuse Hairstyles | C151: Fuse Hairstyles - Aldo | D151: 2 | E151: =D151 -> 2 | F151: Uvi_Wig_Spell_Fuse_Aldo | G151: Elf, Human, Orc, Khajiit | H151: Male, Female | I151: =IFERROR(__xludf.DUMMYFUNCTION("IF(OR(TRIM(G151)="""",TRIM(H151)=""""),"""",TEXTJOIN("", "",TRUE,ARRAYFORMULA(TRANSPOSE(TRIM(SPLIT(G151,"","")))&""_""&TRIM(SPLIT(H151,"","")))))"),"Elf_Male, Elf_Female, Human_Male, Human_Female, Orc_Male, Orc_Female, Khajiit_Male, Khajiit_Female") -> Elf_Male, Elf_Female, Human_Male, Human_Female, Orc_Male, Orc_Female, Khajiit_Male, Khajiit_Female | J151: Fuse_Aldo | K151: Khajiit:Fuse_Collection_Khajiit | L151: =SUBSTITUTE(SUBSTITUTE(SUBSTITUTE(SUBSTITUTE(SUBSTITUTE(C151," ",""),"'",""),"(",""),")",""),"-","_")&","&D151&","&E151 -> FuseHairstyles_Aldo,2,2
A152: Fuse Hairstyles | C152: Fuse Hairstyles - Alucard | D152: 1 | E152: 3 | F152: Uvi_Wig_Spell_Fuse_Alucard | G152: Elf, Human, Orc | H152: Male, Female | I152: =IFERROR(__xludf.DUMMYFUNCTION("IF(OR(TRIM(G152)="""",TRIM(H152)=""""),"""",TEXTJOIN("", "",TRUE,ARRAYFORMULA(TRANSPOSE(TRIM(SPLIT(G152,"","")))&""_""&TRIM(SPLIT(H152,"","")))))"),"Elf_Male, Elf_Female, Human_Male, Human_Female, Orc_Male, Orc_Female") -> Elf_Male, Elf_Female, Human_Male, Human_Female, Orc_Male, Orc_Female | J152: Fuse_Alucard | L152: =SUBSTITUTE(SUBSTITUTE(SUBSTITUTE(SUBSTITUTE(SUBSTITUTE(C152," ",""),"'",""),"(",""),")",""),"-","_")&","&D152&","&E152 -> FuseHairstyles_Alucard,1,3
A153: Fuse Hairstyles | C153: Fuse Hairstyles - Amber | D153: 1 | E153: 2 | F153: Uvi_Wig_Spell_Fuse_Amber | G153: Elf, Human, Orc, Khajiit | H153: Male, Female | I153: =IFERROR(__xludf.DUMMYFUNCTION("IF(OR(TRIM(G153)="""",TRIM(H153)=""""),"""",TEXTJOIN("", "",TRUE,ARRAYFORMULA(TRANSPOSE(TRIM(SPLIT(G153,"","")))&""_""&TRIM(SPLIT(H153,"","")))))"),"Elf_Male, Elf_Female, Human_Male, Human_Female, Orc_Male, Orc_Female, Khajiit_Male, Khajiit_Female") -> Elf_Male, Elf_Female, Human_Male, Human_Female, Orc_Male, Orc_Female, Khajiit_Male, Khajiit_Female | J153: Fuse_Amber | K153: Khajiit:Fuse_Collection_Khajiit | L153: =SUBSTITUTE(SUBSTITUTE(SUBSTITUTE(SUBSTITUTE(SUBSTITUTE(C153," ",""),"'",""),"(",""),")",""),"-","_")&","&D153&","&E153 -> FuseHairstyles_Amber,1,2
A154: Fuse Hairstyles | C154: Fuse Hairstyles - Astri | D154: 1 | E154: =D154 -> 1 | F154: Uvi_Wig_Spell_Fuse_Astri | G154: Elf, Human, Orc, Khajiit | H154: Male, Female | I154: =IFERROR(__xludf.DUMMYFUNCTION("IF(OR(TRIM(G154)="""",TRIM(H154)=""""),"""",TEXTJOIN("", "",TRUE,ARRAYFORMULA(TRANSPOSE(TRIM(SPLIT(G154,"","")))&""_""&TRIM(SPLIT(H154,"","")))))"),"Elf_Male, Elf_Female, Human_Male, Human_Female, Orc_Male, Orc_Female, Khajiit_Male, Khajiit_Female") -> Elf_Male, Elf_Female, Human_Male, Human_Female, Orc_Male, Orc_Female, Khajiit_Male, Khajiit_Female | J154: Fuse_BraidedHair | K154: Khajiit:Fuse_Collection_Khajiit | L154: =SUBSTITUTE(SUBSTITUTE(SUBSTITUTE(SUBSTITUTE(SUBSTITUTE(C154," ",""),"'",""),"(",""),")",""),"-","_")&","&D154&","&E154 -> FuseHairstyles_Astri,1,1
A155: Fuse Hairstyles | C155: Fuse Hairstyles - Dreads | D155: 2 | E155: =D155 -> 2 | F155: Uvi_Wig_Spell_Fuse_Dreads | G155: Elf, Human, Orc | H155: Male, Female | I155: =IFERROR(__xludf.DUMMYFUNCTION("IF(OR(TRIM(G155)="""",TRIM(H155)=""""),"""",TEXTJOIN("", "",TRUE,ARRAYFORMULA(TRANSPOSE(TRIM(SPLIT(G155,"","")))&""_""&TRIM(SPLIT(H155,"","")))))"),"Elf_Male, Elf_Female, Human_Male, Human_Female, Orc_Male, Orc_Female") -> Elf_Male, Elf_Female, Human_Male, Human_Female, Orc_Male, Orc_Female | J155: Fuse_Dreadlocks | L155: =SUBSTITUTE(SUBSTITUTE(SUBSTITUTE(SUBSTITUTE(SUBSTITUTE(C155," ",""),"'",""),"(",""),")",""),"-","_")&","&D155&","&E155 -> FuseHairstyles_Dreads,2,2
A156: Fuse Hairstyles | C156: Fuse Hairstyles - Freyja | D156: 2 | E156: 3 | F156: Uvi_Wig_Spell_Fuse_Freyja | G156: Elf, Human, Orc, Khajiit | H156: Male, Female | I156: =IFERROR(__xludf.DUMMYFUNCTION("IF(OR(TRIM(G156)="""",TRIM(H156)=""""),"""",TEXTJOIN("", "",TRUE,ARRAYFORMULA(TRANSPOSE(TRIM(SPLIT(G156,"","")))&""_""&TRIM(SPLIT(H156,"","")))))"),"Elf_Male, Elf_Female, Human_Male, Human_Female, Orc_Male, Orc_Female, Khajiit_Male, Khajiit_Female") -> Elf_Male, Elf_Female, Human_Male, Human_Female, Orc_Male, Orc_Female, Khajiit_Male, Khajiit_Female | J156: Fuse_BraidedHair | K156: Khajiit:Fuse_Collection_Khajiit | L156: =SUBSTITUTE(SUBSTITUTE(SUBSTITUTE(SUBSTITUTE(SUBSTITUTE(C156," ",""),"'",""),"(",""),")",""),"-","_")&","&D156&","&E156 -> FuseHairstyles_Freyja,2,3
A157: Fuse Hairstyles | C157: Fuse Hairstyles - Hilda | D157: 1 | E157: =D157 -> 1 | F157: Uvi_Wig_Spell_Fuse_Hilda | G157: Elf, Human, Orc | H157: Male, Female | I157: =IFERROR(__xludf.DUMMYFUNCTION("IF(OR(TRIM(G157)="""",TRIM(H157)=""""),"""",TEXTJOIN("", "",TRUE,ARRAYFORMULA(TRANSPOSE(TRIM(SPLIT(G157,"","")))&""_""&TRIM(SPLIT(H157,"","")))))"),"Elf_Male, Elf_Female, Human_Male, Human_Female, Orc_Male, Orc_Female") -> Elf_Male, Elf_Female, Human_Male, Human_Female, Orc_Male, Orc_Female | J157: Fuse_Hilda | L157: =SUBSTITUTE(SUBSTITUTE(SUBSTITUTE(SUBSTITUTE(SUBSTITUTE(C157," ",""),"'",""),"(",""),")",""),"-","_")&","&D157&","&E157 -> FuseHairstyles_Hilda,1,1
A158: Fuse Hairstyles | C158: Fuse Hairstyles - King | D158: 3 | E158: =D158 -> 3 | F158: Uvi_Wig_Spell_Fuse_King | G158: Elf, Human, Orc, Khajiit | H158: Male, Female | I158: =IFERROR(__xludf.DUMMYFUNCTION("IF(OR(TRIM(G158)="""",TRIM(H158)=""""),"""",TEXTJOIN("", "",TRUE,ARRAYFORMULA(TRANSPOSE(TRIM(SPLIT(G158,"","")))&""_""&TRIM(SPLIT(H158,"","")))))"),"Elf_Male, Elf_Female, Human_Male, Human_Female, Orc_Male, Orc_Female, Khajiit_Male, Khajiit_Female") -> Elf_Male, Elf_Female, Human_Male, Human_Female, Orc_Male, Orc_Female, Khajiit_Male, Khajiit_Female | J158: Fuse_King | K158: Khajiit:Fuse_Collection_Khajiit | L158: =SUBSTITUTE(SUBSTITUTE(SUBSTITUTE(SUBSTITUTE(SUBSTITUTE(C158," ",""),"'",""),"(",""),")",""),"-","_")&","&D158&","&E158 -> FuseHairstyles_King,3,3
A159: Fuse Hairstyles | C159: Fuse Hairstyles - Lagertha | D159: 1 | E159: 3 | F159: Uvi_Wig_Spell_Fuse_Lagertha | G159: Elf, Human, Orc | H159: Male, Female | I159: =IFERROR(__xludf.DUMMYFUNCTION("IF(OR(TRIM(G159)="""",TRIM(H159)=""""),"""",TEXTJOIN("", "",TRUE,ARRAYFORMULA(TRANSPOSE(TRIM(SPLIT(G159,"","")))&""_""&TRIM(SPLIT(H159,"","")))))"),"Elf_Male, Elf_Female, Human_Male, Human_Female, Orc_Male, Orc_Female") -> Elf_Male, Elf_Female, Human_Male, Human_Female, Orc_Male, Orc_Female | J159: Fuse_Lagertha | L159: =SUBSTITUTE(SUBSTITUTE(SUBSTITUTE(SUBSTITUTE(SUBSTITUTE(C159," ",""),"'",""),"(",""),")",""),"-","_")&","&D159&","&E159 -> FuseHairstyles_Lagertha,1,3
A160: Fuse Hairstyles | C160: Fuse Hairstyles - Marco | D160: 1 | E160: =D160 -> 1 | F160: Uvi_Wig_Spell_Fuse_Marco | G160: Elf, Human, Orc | H160: Male, Female | I160: =IFERROR(__xludf.DUMMYFUNCTION("IF(OR(TRIM(G160)="""",TRIM(H160)=""""),"""",TEXTJOIN("", "",TRUE,ARRAYFORMULA(TRANSPOSE(TRIM(SPLIT(G160,"","")))&""_""&TRIM(SPLIT(H160,"","")))))"),"Elf_Male, Elf_Female, Human_Male, Human_Female, Orc_Male, Orc_Female") -> Elf_Male, Elf_Female, Human_Male, Human_Female, Orc_Male, Orc_Female | J160: Fuse_Marco | L160: =SUBSTITUTE(SUBSTITUTE(SUBSTITUTE(SUBSTITUTE(SUBSTITUTE(C160," ",""),"'",""),"(",""),")",""),"-","_")&","&D160&","&E160 -> FuseHairstyles_Marco,1,1
A161: Fuse Hairstyles | C161: Fuse Hairstyles - P | D161: 1 | E161: =D161 -> 1 | F161: Uvi_Wig_Spell_Fuse_P | G161: Elf, Human, Orc, Khajiit | H161: Male, Female | I161: =IFERROR(__xludf.DUMMYFUNCTION("IF(OR(TRIM(G161)="""",TRIM(H161)=""""),"""",TEXTJOIN("", "",TRUE,ARRAYFORMULA(TRANSPOSE(TRIM(SPLIT(G161,"","")))&""_""&TRIM(SPLIT(H161,"","")))))"),"Elf_Male, Elf_Female, Human_Male, Human_Female, Orc_Male, Orc_Female, Khajiit_Male, Khajiit_Female") -> Elf_Male, Elf_Female, Human_Male, Human_Female, Orc_Male, Orc_Female, Khajiit_Male, Khajiit_Female | J161: Fuse_P | K161: Khajiit:Fuse_Collection_Khajiit | L161: =SUBSTITUTE(SUBSTITUTE(SUBSTITUTE(SUBSTITUTE(SUBSTITUTE(C161," ",""),"'",""),"(",""),")",""),"-","_")&","&D161&","&E161 -> FuseHairstyles_P,1,1
A162: Fuse Hairstyles | C162: Fuse Hairstyles - Siren | D162: 3 | E162: =D162 -> 3 | F162: Uvi_Wig_Spell_Fuse_Siren | G162: Elf, Human, Orc, Khajiit | H162: Male, Female | I162: =IFERROR(__xludf.DUMMYFUNCTION("IF(OR(TRIM(G162)="""",TRIM(H162)=""""),"""",TEXTJOIN("", "",TRUE,ARRAYFORMULA(TRANSPOSE(TRIM(SPLIT(G162,"","")))&""_""&TRIM(SPLIT(H162,"","")))))"),"Elf_Male, Elf_Female, Human_Male, Human_Female, Orc_Male, Orc_Female, Khajiit_Male, Khajiit_Female") -> Elf_Male, Elf_Female, Human_Male, Human_Female, Orc_Male, Orc_Female, Khajiit_Male, Khajiit_Female | J162: Fuse_Siren | K162: Khajiit:Fuse_Collection_Khajiit | L162: =SUBSTITUTE(SUBSTITUTE(SUBSTITUTE(SUBSTITUTE(SUBSTITUTE(C162," ",""),"'",""),"(",""),")",""),"-","_")&","&D162&","&E162 -> FuseHairstyles_Siren,3,3
A163: Fuse Hairstyles | C163: Fuse Hairstyles - Shar | D163: 1 | E163: =D163 -> 1 | F163: Uvi_Wig_Spell_Fuse_Shar | G163: Elf, Human, Orc | H163: Male, Female | I163: =IFERROR(__xludf.DUMMYFUNCTION("IF(OR(TRIM(G163)="""",TRIM(H163)=""""),"""",TEXTJOIN("", "",TRUE,ARRAYFORMULA(TRANSPOSE(TRIM(SPLIT(G163,"","")))&""_""&TRIM(SPLIT(H163,"","")))))"),"Elf_Male, Elf_Female, Human_Male, Human_Female, Orc_Male, Orc_Female") -> Elf_Male, Elf_Female, Human_Male, Human_Female, Orc_Male, Orc_Female | J163: Fuse_BraidedHair | L163: =SUBSTITUTE(SUBSTITUTE(SUBSTITUTE(SUBSTITUTE(SUBSTITUTE(C163," ",""),"'",""),"(",""),")",""),"-","_")&","&D163&","&E163 -> FuseHairstyles_Shar,1,1
A164: Fuse Hairstyles | C164: Fuse Hairstyles - Tauriel | D164: 1 | E164: 3 | F164: Uvi_Wig_Spell_Fuse_Tauriel | G164: Elf, Human, Orc | H164: Male, Female | I164: =IFERROR(__xludf.DUMMYFUNCTION("IF(OR(TRIM(G164)="""",TRIM(H164)=""""),"""",TEXTJOIN("", "",TRUE,ARRAYFORMULA(TRANSPOSE(TRIM(SPLIT(G164,"","")))&""_""&TRIM(SPLIT(H164,"","")))))"),"Elf_Male, Elf_Female, Human_Male, Human_Female, Orc_Male, Orc_Female") -> Elf_Male, Elf_Female, Human_Male, Human_Female, Orc_Male, Orc_Female | J164: Fuse_Tauriel | L164: =SUBSTITUTE(SUBSTITUTE(SUBSTITUTE(SUBSTITUTE(SUBSTITUTE(C164," ",""),"'",""),"(",""),")",""),"-","_")&","&D164&","&E164 -> FuseHairstyles_Tauriel,1,3
A165: Fuse Hairstyles | C165: Fuse Hairstyles - Yen | D165: 2 | E165: =D165 -> 2 | F165: Uvi_Wig_Spell_Fuse_Yen | G165: Elf, Human, Orc, Khajiit | H165: Male, Female | I165: =IFERROR(__xludf.DUMMYFUNCTION("IF(OR(TRIM(G165)="""",TRIM(H165)=""""),"""",TEXTJOIN("", "",TRUE,ARRAYFORMULA(TRANSPOSE(TRIM(SPLIT(G165,"","")))&""_""&TRIM(SPLIT(H165,"","")))))"),"Elf_Male, Elf_Female, Human_Male, Human_Female, Orc_Male, Orc_Female, Khajiit_Male, Khajiit_Female") -> Elf_Male, Elf_Female, Human_Male, Human_Female, Orc_Male, Orc_Female, Khajiit_Male, Khajiit_Female | J165: Fuse_Yen | K165: Khajiit:Fuse_Collection_Khajiit | L165: =SUBSTITUTE(SUBSTITUTE(SUBSTITUTE(SUBSTITUTE(SUBSTITUTE(C165," ",""),"'",""),"(",""),")",""),"-","_")&","&D165&","&E165 -> FuseHairstyles_Yen,2,2
A166: Fuse Valkyr 1 | C166: Fuse Valkyr 1 - Bellatrix | D166: 2 | E166: =D166 -> 2 | F166: Uvi_Wig_Spell_Valkyr_Bella | G166: Elf, Human, Orc, Khajiit | H166: Male, Female | I166: =IFERROR(__xludf.DUMMYFUNCTION("IF(OR(TRIM(G166)="""",TRIM(H166)=""""),"""",TEXTJOIN("", "",TRUE,ARRAYFORMULA(TRANSPOSE(TRIM(SPLIT(G166,"","")))&""_""&TRIM(SPLIT(H166,"","")))))"),"Elf_Male, Elf_Female, Human_Male, Human_Female, Orc_Male, Orc_Female, Khajiit_Male, Khajiit_Female") -> Elf_Male, Elf_Female, Human_Male, Human_Female, Orc_Male, Orc_Female, Khajiit_Male, Khajiit_Female | J166: Fuse_Valkyr1 | K166: Khajiit:Fuse_Valkyr_Khajiit | L166: =SUBSTITUTE(SUBSTITUTE(SUBSTITUTE(SUBSTITUTE(SUBSTITUTE(C166," ",""),"'",""),"(",""),")",""),"-","_")&","&D166&","&E166 -> FuseValkyr1_Bellatrix,2,2
A167: Fuse Valkyr 1 | C167: Fuse Valkyr 1 - Eiraan | D167: 1 | E167: =D167 -> 1 | F167: Uvi_Wig_Spell_Valkyr_Eiraan | G167: Elf, Human, Orc, Khajiit | H167: Male, Female | I167: =IFERROR(__xludf.DUMMYFUNCTION("IF(OR(TRIM(G167)="""",TRIM(H167)=""""),"""",TEXTJOIN("", "",TRUE,ARRAYFORMULA(TRANSPOSE(TRIM(SPLIT(G167,"","")))&""_""&TRIM(SPLIT(H167,"","")))))"),"Elf_Male, Elf_Female, Human_Male, Human_Female, Orc_Male, Orc_Female, Khajiit_Male, Khajiit_Female") -> Elf_Male, Elf_Female, Human_Male, Human_Female, Orc_Male, Orc_Female, Khajiit_Male, Khajiit_Female | J167: Fuse_Valkyr1 | K167: Khajiit:Fuse_Valkyr_Khajiit | L167: =SUBSTITUTE(SUBSTITUTE(SUBSTITUTE(SUBSTITUTE(SUBSTITUTE(C167," ",""),"'",""),"(",""),")",""),"-","_")&","&D167&","&E167 -> FuseValkyr1_Eiraan,1,1
A168: Fuse Valkyr 1 | C168: Fuse Valkyr 1 - Ellie | D168: 1 | E168: =D168 -> 1 | F168: Uvi_Wig_Spell_Valkyr_Ellie | G168: Elf, Human, Orc, Khajiit | H168: Male, Female | I168: =IFERROR(__xludf.DUMMYFUNCTION("IF(OR(TRIM(G168)="""",TRIM(H168)=""""),"""",TEXTJOIN("", "",TRUE,ARRAYFORMULA(TRANSPOSE(TRIM(SPLIT(G168,"","")))&""_""&TRIM(SPLIT(H168,"","")))))"),"Elf_Male, Elf_Female, Human_Male, Human_Female, Orc_Male, Orc_Female, Khajiit_Male, Khajiit_Female") -> Elf_Male, Elf_Female, Human_Male, Human_Female, Orc_Male, Orc_Female, Khajiit_Male, Khajiit_Female | J168: Fuse_Valkyr1 | K168: Khajiit:Fuse_Valkyr_Khajiit | L168: =SUBSTITUTE(SUBSTITUTE(SUBSTITUTE(SUBSTITUTE(SUBSTITUTE(C168," ",""),"'",""),"(",""),")",""),"-","_")&","&D168&","&E168 -> FuseValkyr1_Ellie,1,1
A169: Fuse Valkyr 1 | C169: Fuse Valkyr 1 - Neo Dante | D169: 1 | E169: =D169 -> 1 | F169: Uvi_Wig_Spell_Valkyr_NDante | G169: Elf, Human, Orc, Khajiit | H169: Male, Female | I169: =IFERROR(__xludf.DUMMYFUNCTION("IF(OR(TRIM(G169)="""",TRIM(H169)=""""),"""",TEXTJOIN("", "",TRUE,ARRAYFORMULA(TRANSPOSE(TRIM(SPLIT(G169,"","")))&""_""&TRIM(SPLIT(H169,"","")))))"),"Elf_Male, Elf_Female, Human_Male, Human_Female, Orc_Male, Orc_Female, Khajiit_Male, Khajiit_Female") -> Elf_Male, Elf_Female, Human_Male, Human_Female, Orc_Male, Orc_Female, Khajiit_Male, Khajiit_Female | J169: Fuse_Valkyr1 | K169: Khajiit:Fuse_Valkyr_Khajiit | L169: =SUBSTITUTE(SUBSTITUTE(SUBSTITUTE(SUBSTITUTE(SUBSTITUTE(C169," ",""),"'",""),"(",""),")",""),"-","_")&","&D169&","&E169 -> FuseValkyr1_NeoDante,1,1
A170: Fuse Valkyr 1 | C170: Fuse Valkyr 1 - Roxy | D170: 1 | E170: =D170 -> 1 | F170: Uvi_Wig_Spell_Valkyr_Roxy | G170: Elf, Human, Orc, Khajiit | H170: Male, Female | I170: =IFERROR(__xludf.DUMMYFUNCTION("IF(OR(TRIM(G170)="""",TRIM(H170)=""""),"""",TEXTJOIN("", "",TRUE,ARRAYFORMULA(TRANSPOSE(TRIM(SPLIT(G170,"","")))&""_""&TRIM(SPLIT(H170,"","")))))"),"Elf_Male, Elf_Female, Human_Male, Human_Female, Orc_Male, Orc_Female, Khajiit_Male, Khajiit_Female") -> Elf_Male, Elf_Female, Human_Male, Human_Female, Orc_Male, Orc_Female, Khajiit_Male, Khajiit_Female | J170: Fuse_Valkyr1 | K170: Khajiit:Fuse_Valkyr_Khajiit | L170: =SUBSTITUTE(SUBSTITUTE(SUBSTITUTE(SUBSTITUTE(SUBSTITUTE(C170," ",""),"'",""),"(",""),")",""),"-","_")&","&D170&","&E170 -> FuseValkyr1_Roxy,1,1
A171: Fuse Valkyr 1 | C171: Fuse Valkyr 1 - Yasha | D171: 2 | E171: =D171 -> 2 | F171: Uvi_Wig_Spell_Valkyr_Yasha | G171: Elf, Human, Orc, Khajiit | H171: Male, Female | I171: =IFERROR(__xludf.DUMMYFUNCTION("IF(OR(TRIM(G171)="""",TRIM(H171)=""""),"""",TEXTJOIN("", "",TRUE,ARRAYFORMULA(TRANSPOSE(TRIM(SPLIT(G171,"","")))&""_""&TRIM(SPLIT(H171,"","")))))"),"Elf_Male, Elf_Female, Human_Male, Human_Female, Orc_Male, Orc_Female, Khajiit_Male, Khajiit_Female") -> Elf_Male, Elf_Female, Human_Male, Human_Female, Orc_Male, Orc_Female, Khajiit_Male, Khajiit_Female | J171: Fuse_Valkyr1 | K171: Khajiit:Fuse_Valkyr_Khajiit | L171: =SUBSTITUTE(SUBSTITUTE(SUBSTITUTE(SUBSTITUTE(SUBSTITUTE(C171," ",""),"'",""),"(",""),")",""),"-","_")&","&D171&","&E171 -> FuseValkyr1_Yasha,2,2
A172: Fuse Valkyr 2 | C172: Fuse Valkyr 2 - Classic Dante | D172: 1 | E172: =D172 -> 1 | F172: Uvi_Wig_Spell_Valkyr_CDante | G172: Elf, Human, Orc | H172: Male, Female | I172: =IFERROR(__xludf.DUMMYFUNCTION("IF(OR(TRIM(G172)="""",TRIM(H172)=""""),"""",TEXTJOIN("", "",TRUE,ARRAYFORMULA(TRANSPOSE(TRIM(SPLIT(G172,"","")))&""_""&TRIM(SPLIT(H172,"","")))))"),"Elf_Male, Elf_Female, Human_Male, Human_Female, Orc_Male, Orc_Female") -> Elf_Male, Elf_Female, Human_Male, Human_Female, Orc_Male, Orc_Female | J172: Fuse_Valkyr2 | L172: =SUBSTITUTE(SUBSTITUTE(SUBSTITUTE(SUBSTITUTE(SUBSTITUTE(C172," ",""),"'",""),"(",""),")",""),"-","_")&","&D172&","&E172 -> FuseValkyr2_ClassicDante,1,1
A173: Fuse Valkyr 2 | C173: Fuse Valkyr 2 - Danaerys | D173: 2 | E173: 3 | F173: Uvi_Wig_Spell_Valkyr_Dany | G173: Elf, Human, Orc | H173: Male, Female | I173: =IFERROR(__xludf.DUMMYFUNCTION("IF(OR(TRIM(G173)="""",TRIM(H173)=""""),"""",TEXTJOIN("", "",TRUE,ARRAYFORMULA(TRANSPOSE(TRIM(SPLIT(G173,"","")))&""_""&TRIM(SPLIT(H173,"","")))))"),"Elf_Male, Elf_Female, Human_Male, Human_Female, Orc_Male, Orc_Female") -> Elf_Male, Elf_Female, Human_Male, Human_Female, Orc_Male, Orc_Female | J173: Fuse_Valkyr2 | L173: =SUBSTITUTE(SUBSTITUTE(SUBSTITUTE(SUBSTITUTE(SUBSTITUTE(C173," ",""),"'",""),"(",""),")",""),"-","_")&","&D173&","&E173 -> FuseValkyr2_Danaerys,2,3
A174: Fuse Valkyr 2 | C174: Fuse Valkyr 2 - Ghost | D174: 1 | E174: =D174 -> 1 | F174: Uvi_Wig_Spell_Valkyr_Ghost | G174: Elf, Human, Orc | H174: Male, Female | I174: =IFERROR(__xludf.DUMMYFUNCTION("IF(OR(TRIM(G174)="""",TRIM(H174)=""""),"""",TEXTJOIN("", "",TRUE,ARRAYFORMULA(TRANSPOSE(TRIM(SPLIT(G174,"","")))&""_""&TRIM(SPLIT(H174,"","")))))"),"Elf_Male, Elf_Female, Human_Male, Human_Female, Orc_Male, Orc_Female") -> Elf_Male, Elf_Female, Human_Male, Human_Female, Orc_Male, Orc_Female | J174: Fuse_Valkyr2 | L174: =SUBSTITUTE(SUBSTITUTE(SUBSTITUTE(SUBSTITUTE(SUBSTITUTE(C174," ",""),"'",""),"(",""),")",""),"-","_")&","&D174&","&E174 -> FuseValkyr2_Ghost,1,1
A175: Koralina's Collection 1 | C175: Koralina - Bae | D175: 1 | E175: =D175 -> 1 | F175: Uvi_Wig_Spell_CK1_Bae | G175: Elf, Human, Orc | H175: Female | I175: =IFERROR(__xludf.DUMMYFUNCTION("IF(OR(TRIM(G175)="""",TRIM(H175)=""""),"""",TEXTJOIN("", "",TRUE,ARRAYFORMULA(TRANSPOSE(TRIM(SPLIT(G175,"","")))&""_""&TRIM(SPLIT(H175,"","")))))"),"Elf_Female, Human_Female, Orc_Female") -> Elf_Female, Human_Female, Orc_Female | J175: Kora1 | L175: =SUBSTITUTE(SUBSTITUTE(SUBSTITUTE(SUBSTITUTE(SUBSTITUTE(C175," ",""),"'",""),"(",""),")",""),"-","_")&","&D175&","&E175 -> Koralina_Bae,1,1
A176: Koralina's Collection 1 | C176: Koralina - Wendy | D176: 2 | E176: =D176 -> 2 | F176: Uvi_Wig_Spell_CK1_Wendy | G176: Elf, Human, Orc | H176: Male, Female | I176: =IFERROR(__xludf.DUMMYFUNCTION("IF(OR(TRIM(G176)="""",TRIM(H176)=""""),"""",TEXTJOIN("", "",TRUE,ARRAYFORMULA(TRANSPOSE(TRIM(SPLIT(G176,"","")))&""_""&TRIM(SPLIT(H176,"","")))))"),"Elf_Male, Elf_Female, Human_Male, Human_Female, Orc_Male, Orc_Female") -> Elf_Male, Elf_Female, Human_Male, Human_Female, Orc_Male, Orc_Female | J176: Kora1 | L176: =SUBSTITUTE(SUBSTITUTE(SUBSTITUTE(SUBSTITUTE(SUBSTITUTE(C176," ",""),"'",""),"(",""),")",""),"-","_")&","&D176&","&E176 -> Koralina_Wendy,2,2
A177: Koralina's Collection 1 | C177: Koralina - WolfCut | D177: 1 | E177: 2 | F177: Uvi_Wig_Spell_CK1_WolfCut | G177: Elf, Human, Orc | H177: Male, Female | I177: =IFERROR(__xludf.DUMMYFUNCTION("IF(OR(TRIM(G177)="""",TRIM(H177)=""""),"""",TEXTJOIN("", "",TRUE,ARRAYFORMULA(TRANSPOSE(TRIM(SPLIT(G177,"","")))&""_""&TRIM(SPLIT(H177,"","")))))"),"Elf_Male, Elf_Female, Human_Male, Human_Female, Orc_Male, Orc_Female") -> Elf_Male, Elf_Female, Human_Male, Human_Female, Orc_Male, Orc_Female | J177: Kora1 | L177: =SUBSTITUTE(SUBSTITUTE(SUBSTITUTE(SUBSTITUTE(SUBSTITUTE(C177," ",""),"'",""),"(",""),")",""),"-","_")&","&D177&","&E177 -> Koralina_WolfCut,1,2
A178: Koralina's Collection 2 | C178: Koralina - Aisha | D178: 2 | E178: 3 | F178: Uvi_Wig_Spell_CK2_Aisha | G178: Elf, Human, Orc | H178: Male, Female | I178: =IFERROR(__xludf.DUMMYFUNCTION("IF(OR(TRIM(G178)="""",TRIM(H178)=""""),"""",TEXTJOIN("", "",TRUE,ARRAYFORMULA(TRANSPOSE(TRIM(SPLIT(G178,"","")))&""_""&TRIM(SPLIT(H178,"","")))))"),"Elf_Male, Elf_Female, Human_Male, Human_Female, Orc_Male, Orc_Female") -> Elf_Male, Elf_Female, Human_Male, Human_Female, Orc_Male, Orc_Female | J178: Kora2 | L178: =SUBSTITUTE(SUBSTITUTE(SUBSTITUTE(SUBSTITUTE(SUBSTITUTE(C178," ",""),"'",""),"(",""),")",""),"-","_")&","&D178&","&E178 -> Koralina_Aisha,2,3
A179: Koralina's Collection 2 | C179: Koralina - Siggy | D179: 2 | E179: 3 | F179: Uvi_Wig_Spell_CK2_Siggy | G179: Elf, Human, Orc | H179: Male, Female | I179: =IFERROR(__xludf.DUMMYFUNCTION("IF(OR(TRIM(G179)="""",TRIM(H179)=""""),"""",TEXTJOIN("", "",TRUE,ARRAYFORMULA(TRANSPOSE(TRIM(SPLIT(G179,"","")))&""_""&TRIM(SPLIT(H179,"","")))))"),"Elf_Male, Elf_Female, Human_Male, Human_Female, Orc_Male, Orc_Female") -> Elf_Male, Elf_Female, Human_Male, Human_Female, Orc_Male, Orc_Female | J179: Kora2 | L179: =SUBSTITUTE(SUBSTITUTE(SUBSTITUTE(SUBSTITUTE(SUBSTITUTE(C179," ",""),"'",""),"(",""),")",""),"-","_")&","&D179&","&E179 -> Koralina_Siggy,2,3
A180: Koralina's Collection 2 | C180: Koralina - Wolf_01 | D180: 1 | E180: =D180 -> 1 | F180: Uvi_Wig_Spell_CK2_Wolf_01 | G180: Elf, Human, Orc | H180: Male, Female | I180: =IFERROR(__xludf.DUMMYFUNCTION("IF(OR(TRIM(G180)="""",TRIM(H180)=""""),"""",TEXTJOIN("", "",TRUE,ARRAYFORMULA(TRANSPOSE(TRIM(SPLIT(G180,"","")))&""_""&TRIM(SPLIT(H180,"","")))))"),"Elf_Male, Elf_Female, Human_Male, Human_Female, Orc_Male, Orc_Female") -> Elf_Male, Elf_Female, Human_Male, Human_Female, Orc_Male, Orc_Female | J180: Kora2 | L180: =SUBSTITUTE(SUBSTITUTE(SUBSTITUTE(SUBSTITUTE(SUBSTITUTE(C180," ",""),"'",""),"(",""),")",""),"-","_")&","&D180&","&E180 -> Koralina_Wolf_01,1,1
A181: Koralina's Collection 2 | C181: Koralina - Wolf_02 | D181: 1 | E181: =D181 -> 1 | F181: Uvi_Wig_Spell_CK2_Wolf_02 | G181: Elf, Human, Orc | H181: Male, Female | I181: =IFERROR(__xludf.DUMMYFUNCTION("IF(OR(TRIM(G181)="""",TRIM(H181)=""""),"""",TEXTJOIN("", "",TRUE,ARRAYFORMULA(TRANSPOSE(TRIM(SPLIT(G181,"","")))&""_""&TRIM(SPLIT(H181,"","")))))"),"Elf_Male, Elf_Female, Human_Male, Human_Female, Orc_Male, Orc_Female") -> Elf_Male, Elf_Female, Human_Male, Human_Female, Orc_Male, Orc_Female | J181: Kora2 | L181: =SUBSTITUTE(SUBSTITUTE(SUBSTITUTE(SUBSTITUTE(SUBSTITUTE(C181," ",""),"'",""),"(",""),")",""),"-","_")&","&D181&","&E181 -> Koralina_Wolf_02,1,1
A182: KS Hairdos - HDT SMP | C182: KS SMP - Amor | D182: 1 | E182: =D182 -> 1 | F182: Uvi_Wig_Spell_KS_Amor | G182: Elf, Human, Orc, Khajiit | H182: Female | I182: =IFERROR(__xludf.DUMMYFUNCTION("IF(OR(TRIM(G182)="""",TRIM(H182)=""""),"""",TEXTJOIN("", "",TRUE,ARRAYFORMULA(TRANSPOSE(TRIM(SPLIT(G182,"","")))&""_""&TRIM(SPLIT(H182,"","")))))"),"Elf_Female, Human_Female, Orc_Female, Khajiit_Female") -> Elf_Female, Human_Female, Orc_Female, Khajiit_Female | J182: KS_SMP | K182: Khajiit:KS_SMP_Khajiit | L182: =SUBSTITUTE(SUBSTITUTE(SUBSTITUTE(SUBSTITUTE(SUBSTITUTE(C182," ",""),"'",""),"(",""),")",""),"-","_")&","&D182&","&E182 -> KSSMP_Amor,1,1
A183: KS Hairdos - HDT SMP | C183: KS SMP - Anchor | D183: 2 | E183: =D183 -> 2 | F183: Uvi_Wig_Spell_KS_Anchor | G183: Elf, Human, Orc, Khajiit | H183: Female | I183: =IFERROR(__xludf.DUMMYFUNCTION("IF(OR(TRIM(G183)="""",TRIM(H183)=""""),"""",TEXTJOIN("", "",TRUE,ARRAYFORMULA(TRANSPOSE(TRIM(SPLIT(G183,"","")))&""_""&TRIM(SPLIT(H183,"","")))))"),"Elf_Female, Human_Female, Orc_Female, Khajiit_Female") -> Elf_Female, Human_Female, Orc_Female, Khajiit_Female | J183: KS_SMP | K183: Khajiit:KS_SMP_Khajiit | L183: =SUBSTITUTE(SUBSTITUTE(SUBSTITUTE(SUBSTITUTE(SUBSTITUTE(C183," ",""),"'",""),"(",""),")",""),"-","_")&","&D183&","&E183 -> KSSMP_Anchor,2,2
A184: KS Hairdos - HDT SMP | C184: KS SMP - Angelic | D184: 1 | E184: =D184 -> 1 | F184: Uvi_Wig_Spell_KS_Angelic | G184: Elf, Human, Orc, Khajiit | H184: Female | I184: =IFERROR(__xludf.DUMMYFUNCTION("IF(OR(TRIM(G184)="""",TRIM(H184)=""""),"""",TEXTJOIN("", "",TRUE,ARRAYFORMULA(TRANSPOSE(TRIM(SPLIT(G184,"","")))&""_""&TRIM(SPLIT(H184,"","")))))"),"Elf_Female, Human_Female, Orc_Female, Khajiit_Female") -> Elf_Female, Human_Female, Orc_Female, Khajiit_Female | J184: KS_SMP | K184: Khajiit:KS_SMP_Khajiit | L184: =SUBSTITUTE(SUBSTITUTE(SUBSTITUTE(SUBSTITUTE(SUBSTITUTE(C184," ",""),"'",""),"(",""),")",""),"-","_")&","&D184&","&E184 -> KSSMP_Angelic,1,1
A185: KS Hairdos - HDT SMP | C185: KS SMP - Angels | D185: 2 | E185: =D185 -> 2 | F185: Uvi_Wig_Spell_KS_Angels | G185: Elf, Human, Orc, Khajiit | H185: Female | I185: =IFERROR(__xludf.DUMMYFUNCTION("IF(OR(TRIM(G185)="""",TRIM(H185)=""""),"""",TEXTJOIN("", "",TRUE,ARRAYFORMULA(TRANSPOSE(TRIM(SPLIT(G185,"","")))&""_""&TRIM(SPLIT(H185,"","")))))"),"Elf_Female, Human_Female, Orc_Female, Khajiit_Female") -> Elf_Female, Human_Female, Orc_Female, Khajiit_Female | J185: KS_SMP | K185: Khajiit:KS_SMP_Khajiit | L185: =SUBSTITUTE(SUBSTITUTE(SUBSTITUTE(SUBSTITUTE(SUBSTITUTE(C185," ",""),"'",""),"(",""),")",""),"-","_")&","&D185&","&E185 -> KSSMP_Angels,2,2
A186: KS Hairdos - HDT SMP | C186: KS SMP - Anna | D186: 3 | E186: =D186 -> 3 | F186: Uvi_Wig_Spell_KS_Anna | G186: Elf, Human, Orc, Khajiit | H186: Female | I186: =IFERROR(__xludf.DUMMYFUNCTION("IF(OR(TRIM(G186)="""",TRIM(H186)=""""),"""",TEXTJOIN("", "",TRUE,ARRAYFORMULA(TRANSPOSE(TRIM(SPLIT(G186,"","")))&""_""&TRIM(SPLIT(H186,"","")))))"),"Elf_Female, Human_Female, Orc_Female, Khajiit_Female") -> Elf_Female, Human_Female, Orc_Female, Khajiit_Female | J186: KS_SMP | K186: Khajiit:KS_SMP_Khajiit | L186: =SUBSTITUTE(SUBSTITUTE(SUBSTITUTE(SUBSTITUTE(SUBSTITUTE(C186," ",""),"'",""),"(",""),")",""),"-","_")&","&D186&","&E186 -> KSSMP_Anna,3,3
A187: KS Hairdos - HDT SMP | C187: KS SMP - Anto92 | D187: 2 | E187: =D187 -> 2 | F187: Uvi_Wig_Spell_KS_Anto92 | G187: Elf, Human, Orc, Khajiit | H187: Female | I187: =IFERROR(__xludf.DUMMYFUNCTION("IF(OR(TRIM(G187)="""",TRIM(H187)=""""),"""",TEXTJOIN("", "",TRUE,ARRAYFORMULA(TRANSPOSE(TRIM(SPLIT(G187,"","")))&""_""&TRIM(SPLIT(H187,"","")))))"),"Elf_Female, Human_Female, Orc_Female, Khajiit_Female") -> Elf_Female, Human_Female, Orc_Female, Khajiit_Female | J187: KS_SMP | K187: Khajiit:KS_SMP_Khajiit | L187: =SUBSTITUTE(SUBSTITUTE(SUBSTITUTE(SUBSTITUTE(SUBSTITUTE(C187," ",""),"'",""),"(",""),")",""),"-","_")&","&D187&","&E187 -> KSSMP_Anto92,2,2
A188: KS Hairdos - HDT SMP | C188: KS SMP - Aroma | D188: 3 | E188: =D188 -> 3 | F188: Uvi_Wig_Spell_KS_Aroma | G188: Elf, Human, Orc, Khajiit | H188: Female | I188: =IFERROR(__xludf.DUMMYFUNCTION("IF(OR(TRIM(G188)="""",TRIM(H188)=""""),"""",TEXTJOIN("", "",TRUE,ARRAYFORMULA(TRANSPOSE(TRIM(SPLIT(G188,"","")))&""_""&TRIM(SPLIT(H188,"","")))))"),"Elf_Female, Human_Female, Orc_Female, Khajiit_Female") -> Elf_Female, Human_Female, Orc_Female, Khajiit_Female | J188: KS_SMP | K188: Khajiit:KS_SMP_Khajiit | L188: =SUBSTITUTE(SUBSTITUTE(SUBSTITUTE(SUBSTITUTE(SUBSTITUTE(C188," ",""),"'",""),"(",""),")",""),"-","_")&","&D188&","&E188 -> KSSMP_Aroma,3,3
A189: KS Hairdos - HDT SMP | C189: KS SMP - Babydoll | D189: 3 | E189: =D189 -> 3 | F189: Uvi_Wig_Spell_KS_Babydoll | G189: Elf, Human, Orc, Khajiit | H189: Female | I189: =IFERROR(__xludf.DUMMYFUNCTION("IF(OR(TRIM(G189)="""",TRIM(H189)=""""),"""",TEXTJOIN("", "",TRUE,ARRAYFORMULA(TRANSPOSE(TRIM(SPLIT(G189,"","")))&""_""&TRIM(SPLIT(H189,"","")))))"),"Elf_Female, Human_Female, Orc_Female, Khajiit_Female") -> Elf_Female, Human_Female, Orc_Female, Khajiit_Female | J189: KS_SMP | K189: Khajiit:KS_SMP_Khajiit | L189: =SUBSTITUTE(SUBSTITUTE(SUBSTITUTE(SUBSTITUTE(SUBSTITUTE(C189," ",""),"'",""),"(",""),")",""),"-","_")&","&D189&","&E189 -> KSSMP_Babydoll,3,3
A190: KS Hairdos - HDT SMP | C190: KS SMP - Babydoll (Band) | D190: 3 | E190: =D190 -> 3 | F190: Uvi_Wig_Spell_KS_BabydollBand | G190: Elf, Human, Orc | H190: Female | I190: =IFERROR(__xludf.DUMMYFUNCTION("IF(OR(TRIM(G190)="""",TRIM(H190)=""""),"""",TEXTJOIN("", "",TRUE,ARRAYFORMULA(TRANSPOSE(TRIM(SPLIT(G190,"","")))&""_""&TRIM(SPLIT(H190,"","")))))"),"Elf_Female, Human_Female, Orc_Female") -> Elf_Female, Human_Female, Orc_Female | J190: KS_SMP | L190: =SUBSTITUTE(SUBSTITUTE(SUBSTITUTE(SUBSTITUTE(SUBSTITUTE(C190," ",""),"'",""),"(",""),")",""),"-","_")&","&D190&","&E190 -> KSSMP_BabydollBand,3,3
A191: KS Hairdos - HDT SMP | C191: KS SMP - Bluebird | D191: 2 | E191: =D191 -> 2 | F191: Uvi_Wig_Spell_KS_Bluebird | G191: Elf, Human, Orc, Khajiit | H191: Female | I191: =IFERROR(__xludf.DUMMYFUNCTION("IF(OR(TRIM(G191)="""",TRIM(H191)=""""),"""",TEXTJOIN("", "",TRUE,ARRAYFORMULA(TRANSPOSE(TRIM(SPLIT(G191,"","")))&""_""&TRIM(SPLIT(H191,"","")))))"),"Elf_Female, Human_Female, Orc_Female, Khajiit_Female") -> Elf_Female, Human_Female, Orc_Female, Khajiit_Female | J191: KS_SMP | K191: Khajiit:KS_SMP_Khajiit | L191: =SUBSTITUTE(SUBSTITUTE(SUBSTITUTE(SUBSTITUTE(SUBSTITUTE(C191," ",""),"'",""),"(",""),")",""),"-","_")&","&D191&","&E191 -> KSSMP_Bluebird,2,2
A192: KS Hairdos - HDT SMP | C192: KS SMP - Cambrian | D192: 1 | E192: =D192 -> 1 | F192: Uvi_Wig_Spell_KS_Cambrian | G192: Elf, Human, Orc, Khajiit | H192: Female | I192: =IFERROR(__xludf.DUMMYFUNCTION("IF(OR(TRIM(G192)="""",TRIM(H192)=""""),"""",TEXTJOIN("", "",TRUE,ARRAYFORMULA(TRANSPOSE(TRIM(SPLIT(G192,"","")))&""_""&TRIM(SPLIT(H192,"","")))))"),"Elf_Female, Human_Female, Orc_Female, Khajiit_Female") -> Elf_Female, Human_Female, Orc_Female, Khajiit_Female | J192: KS_SMP | K192: Khajiit:KS_SMP_Khajiit | L192: =SUBSTITUTE(SUBSTITUTE(SUBSTITUTE(SUBSTITUTE(SUBSTITUTE(C192," ",""),"'",""),"(",""),")",""),"-","_")&","&D192&","&E192 -> KSSMP_Cambrian,1,1
A193: KS Hairdos - HDT SMP | C193: KS SMP - Caress | D193: 2 | E193: =D193 -> 2 | F193: Uvi_Wig_Spell_KS_Caress | G193: Elf, Human, Orc, Khajiit | H193: Female | I193: =IFERROR(__xludf.DUMMYFUNCTION("IF(OR(TRIM(G193)="""",TRIM(H193)=""""),"""",TEXTJOIN("", "",TRUE,ARRAYFORMULA(TRANSPOSE(TRIM(SPLIT(G193,"","")))&""_""&TRIM(SPLIT(H193,"","")))))"),"Elf_Female, Human_Female, Orc_Female, Khajiit_Female") -> Elf_Female, Human_Female, Orc_Female, Khajiit_Female | J193: KS_SMP | K193: Khajiit:KS_SMP_Khajiit | L193: =SUBSTITUTE(SUBSTITUTE(SUBSTITUTE(SUBSTITUTE(SUBSTITUTE(C193," ",""),"'",""),"(",""),")",""),"-","_")&","&D193&","&E193 -> KSSMP_Caress,2,2
A194: KS Hairdos - HDT SMP | C194: KS SMP - Cassy | D194: 1 | E194: =D194 -> 1 | F194: Uvi_Wig_Spell_KS_Cassy | G194: Elf, Human, Orc, Khajiit | H194: Female | I194: =IFERROR(__xludf.DUMMYFUNCTION("IF(OR(TRIM(G194)="""",TRIM(H194)=""""),"""",TEXTJOIN("", "",TRUE,ARRAYFORMULA(TRANSPOSE(TRIM(SPLIT(G194,"","")))&""_""&TRIM(SPLIT(H194,"","")))))"),"Elf_Female, Human_Female, Orc_Female, Khajiit_Female") -> Elf_Female, Human_Female, Orc_Female, Khajiit_Female | J194: KS_SMP | K194: Khajiit:KS_SMP_Khajiit | L194: =SUBSTITUTE(SUBSTITUTE(SUBSTITUTE(SUBSTITUTE(SUBSTITUTE(C194," ",""),"'",""),"(",""),")",""),"-","_")&","&D194&","&E194 -> KSSMP_Cassy,1,1
A195: KS Hairdos - HDT SMP | C195: KS SMP - Cerigo | D195: 1 | E195: =D195 -> 1 | F195: Uvi_Wig_Spell_KS_Cerigo | G195: Elf, Human, Orc, Khajiit | H195: Female | I195: =IFERROR(__xludf.DUMMYFUNCTION("IF(OR(TRIM(G195)="""",TRIM(H195)=""""),"""",TEXTJOIN("", "",TRUE,ARRAYFORMULA(TRANSPOSE(TRIM(SPLIT(G195,"","")))&""_""&TRIM(SPLIT(H195,"","")))))"),"Elf_Female, Human_Female, Orc_Female, Khajiit_Female") -> Elf_Female, Human_Female, Orc_Female, Khajiit_Female | J195: KS_SMP | K195: Khajiit:KS_SMP_Khajiit | L195: =SUBSTITUTE(SUBSTITUTE(SUBSTITUTE(SUBSTITUTE(SUBSTITUTE(C195," ",""),"'",""),"(",""),")",""),"-","_")&","&D195&","&E195 -> KSSMP_Cerigo,1,1
A196: KS Hairdos - HDT SMP | C196: KS SMP - Cliche | D196: 3 | E196: =D196 -> 3 | F196: Uvi_Wig_Spell_KS_Cliche | G196: Elf, Human, Orc, Khajiit | H196: Female | I196: =IFERROR(__xludf.DUMMYFUNCTION("IF(OR(TRIM(G196)="""",TRIM(H196)=""""),"""",TEXTJOIN("", "",TRUE,ARRAYFORMULA(TRANSPOSE(TRIM(SPLIT(G196,"","")))&""_""&TRIM(SPLIT(H196,"","")))))"),"Elf_Female, Human_Female, Orc_Female, Khajiit_Female") -> Elf_Female, Human_Female, Orc_Female, Khajiit_Female | J196: KS_SMP | K196: Khajiit:KS_SMP_Khajiit | L196: =SUBSTITUTE(SUBSTITUTE(SUBSTITUTE(SUBSTITUTE(SUBSTITUTE(C196," ",""),"'",""),"(",""),")",""),"-","_")&","&D196&","&E196 -> KSSMP_Cliche,3,3
A197: KS Hairdos - HDT SMP | C197: KS SMP - Cola | D197: 1 | E197: =D197 -> 1 | F197: Uvi_Wig_Spell_KS_Cola | G197: Elf, Human, Orc, Khajiit | H197: Female | I197: =IFERROR(__xludf.DUMMYFUNCTION("IF(OR(TRIM(G197)="""",TRIM(H197)=""""),"""",TEXTJOIN("", "",TRUE,ARRAYFORMULA(TRANSPOSE(TRIM(SPLIT(G197,"","")))&""_""&TRIM(SPLIT(H197,"","")))))"),"Elf_Female, Human_Female, Orc_Female, Khajiit_Female") -> Elf_Female, Human_Female, Orc_Female, Khajiit_Female | J197: KS_SMP | K197: Khajiit:KS_SMP_Khajiit | L197: =SUBSTITUTE(SUBSTITUTE(SUBSTITUTE(SUBSTITUTE(SUBSTITUTE(C197," ",""),"'",""),"(",""),")",""),"-","_")&","&D197&","&E197 -> KSSMP_Cola,1,1
A198: KS Hairdos - HDT SMP | C198: KS SMP - Crazy Love | D198: 1 | E198: =D198 -> 1 | F198: Uvi_Wig_Spell_KS_CrazyLove | G198: Elf, Human, Orc, Khajiit | H198: Female | I198: =IFERROR(__xludf.DUMMYFUNCTION("IF(OR(TRIM(G198)="""",TRIM(H198)=""""),"""",TEXTJOIN("", "",TRUE,ARRAYFORMULA(TRANSPOSE(TRIM(SPLIT(G198,"","")))&""_""&TRIM(SPLIT(H198,"","")))))"),"Elf_Female, Human_Female, Orc_Female, Khajiit_Female") -> Elf_Female, Human_Female, Orc_Female, Khajiit_Female | J198: KS_SMP | K198: Khajiit:KS_SMP_Khajiit | L198: =SUBSTITUTE(SUBSTITUTE(SUBSTITUTE(SUBSTITUTE(SUBSTITUTE(C198," ",""),"'",""),"(",""),")",""),"-","_")&","&D198&","&E198 -> KSSMP_CrazyLove,1,1
...

Sheet Hairstyle Requirements
A1: RequirementID | B1: Link Text | C1: Link
A2: VHR | B2: Vanilla Hair Remake (Main file) | C2: https://www.nexusmods.com/skyrimspecialedition/mods/63979
A3: VHRWU | B3: Vanilla Hair Remake Wigs Unlocked | C3: https://www.nexusmods.com/skyrimspecialedition/mods/187429
A4: Dint02 | B4: Dint Hair Pack 02 | C4: https://www.patreon.com/dint999/posts/hairpack02-hdt-1-29917266
A5: Mod_SMP_Hair | B5: Modular SMP Hairstyles | C5: https://www.nexusmods.com/skyrimspecialedition/mods/93608
A6: Mod_SMP_Wig | B6: Modular SMP Wigs | C6: https://www.nexusmods.com/skyrimspecialedition/mods/180029
A7: Kora1 | B7: Koralina's Hair Collection 1 (Wig file) | C7: https://www.nexusmods.com/skyrimspecialedition/mods/114769
A8: Kora2 | B8: Koralina's Hair Collection 2 (Wig file) | C8: https://www.nexusmods.com/skyrimspecialedition/mods/172939
A9: Fuse_Aldo | B9: Fuse Hair Collection - Aldo | C9: https://www.patreon.com/posts/68250938?collection=209996
A10: Fuse_Alucard | B10: Fuse Hair Collection - Alucard | C10: https://www.patreon.com/posts/98291872?collection=209996
A11: Fuse_Amber | B11: Fuse Hair Collection - Amber | C11: https://www.patreon.com/posts/76570894?collection=209996
A12: Fuse_BraidedHair | B12: Fuse Hair Collection - Braided Hairstyles | C12: https://www.patreon.com/posts/64262256?collection=209996
... A29: Xing_Misc | B29: Misc Improvements | C29: https://www.nexusmods.com/skyrimspecialedition/mods/184585

Sheet Race Default Hairstyles
A1: Race | B1: Race Type | C1: Default Male Hair | D1: Default Female Hair
A2: Argonian | B2: Argonian
A3: ArgonianVampire | B3: Argonian
A4: Breton | B4: Human | C4: HairMaleImperial1 | D4: HairFemaleNord05
A5: BretonChild | B5: HumanChild | C5: HairMaleImperialChild01 | D5: HairFemaleNordChild01
A6: BretonChildVampire | B6: HumanChild | C6: HairMaleImperialChild01 | D6: HairFemaleNordChild01
A7: BretonVampire | B7: Human
A8: DA13Afflicted | B8: Human | C8: HairMaleNord01 | D8: HairFemaleNord01
A9: DarkElf | B9: Elf | C9: HairMaleDarkElf01 | D9: HairFemaleDarkElf01
A10: DarkElfVampire | B10: Elf
A11: Elder | B11: Human | D11: HairFemaleElder02
A12: ElderVampire | B12: Human | D12: HairFemaleElder02
A13: HighElf | B13: Elf | C13: HairMaleDarkElf01 | D13: HairFemaleDarkElf01
A14: HighElfVampire | B14: Elf
A15: Imperial | B15: Human | C15: HairMaleImperial1 | D15: HairFemaleNord01
A16: ImperialChild | B16: HumanChild | C16: HairMaleImperialChild01 | D16: HairFemaleNordChild02
A17: ImperialVampire | B17: Human
A18: Khajiit | B18: Khajiit
A19: KhajiitVampire | B19: Khajiit
A20: Nord | B20: Human | C20: HairMaleNord10 | D20: HairFemaleNord04
A21: NordAstrid | B21: Human | C21: HairMaleNord10 | D21: HairFemaleNord05
A22: NordChild | B22: HumanChild | C22: HairMaleNordChild01 | D22: HairFemaleNordChild01
A23: NordVampire | B23: Human
A24: Orc | B24: Orc | C24: HairMaleOrc01
A25: OrcVampire | B25: Orc
A26: Redguard | B26: Human | C26: HairMaleRedguard2 | D26: HairFemaleRedguard01
A27: RedguardChild | B27: HumanChild | C27: HairMaleRedguardChild01 | D27: HairFemaleRedguardChild01
A28: RedguardVampire | B28: Human
A29: WoodElf | B29: Elf | C29: HairMaleDarkElf06 | D29: HairFemaleDarkElf03
A30: WoodElfVampire | B30: Elf
A31: SnowElf | B31: Elf | C31: HairMaleSnowElf01 | D31: HairFemaleDarkElf01
A32: DLC1Nord | B32: Human | C32: HairMaleNord10 | D32: DLC1HairFemaleSeranaHuman
A33: DLC2Miraak | B33: Human | C33: HairMaleNord10 | D33: HairFemaleNord04

Sheet Screenshot Creation
A1: Hairstyle Category | B1: Hair Spell IDs | C1: Screenshot Name
A2: Human_Male | B2: =IFERROR(__xludf.DUMMYFUNCTION("FILTER(Hairstyles!$F:$F, ISNUMBER(SEARCH(A$2, Hairstyles!$I:$I)))"),"Uvi_Wig_Spell_VHRU_BaldCap") -> Uvi_Wig_Spell_VHRU_BaldCap | C2: =IFERROR(__xludf.DUMMYFUNCTION("IF($B2="""","""",SUBSTITUTE(SUBSTITUTE(SUBSTITUTE(SUBSTITUTE(INDEX(Hairstyles!$A:$A,MATCH($B2,Hairstyles!$F:$F,0)),"" "",""""),""'"",""""),""("",""""),"")"","""")&""\""&INDEX(SPLIT($A$2,""_""),1)&""\""&INDEX(SPLIT($A$2,""_""),2)&""\""&SUBSTITUTE(SUBSTITUT"&"E(SUBSTITUTE(SUBSTITUTE(SUBSTITUTE(INDEX(Hairstyles!$C:$C,MATCH($B2,Hairstyles!$F:$F,0)),"" "",""""),""'"",""""),""("",""""),"")"",""""),""-"",""_"")&""_""&$A$2)"),"Vanilla\Human\Male\Vanilla_Bald_Human_Male") -> Vanilla\Human\Male\Vanilla_Bald_Human_Male
B3: =IFERROR(__xludf.DUMMYFUNCTION("""COMPUTED_VALUE"""),"Uvi_Wig_Spell_VHRU_AfroLarge") -> Uvi_Wig_Spell_VHRU_AfroLarge | C3: =IFERROR(__xludf.DUMMYFUNCTION("IF($B3="""","""",SUBSTITUTE(SUBSTITUTE(SUBSTITUTE(SUBSTITUTE(INDEX(Hairstyles!$A:$A,MATCH($B3,Hairstyles!$F:$F,0)),"" "",""""),""'"",""""),""("",""""),"")"","""")&""\""&INDEX(SPLIT($A$2,""_""),1)&""\""&INDEX(SPLIT($A$2,""_""),2)&""\""&SUBSTITUTE(SUBSTITUT"&"E(SUBSTITUTE(SUBSTITUTE(SUBSTITUTE(INDEX(Hairstyles!$C:$C,MATCH($B3,Hairstyles!$F:$F,0)),"" "",""""),""'"",""""),""("",""""),"")"",""""),""-"",""_"")&""_""&$A$2)"),"Vanilla\Human\Male\Vanilla_AfroLarge_Human_Male") -> Vanilla\Human\Male\Vanilla_AfroLarge_Human_Male
B4: =IFERROR(__xludf.DUMMYFUNCTION("""COMPUTED_VALUE"""),"Uvi_Wig_Spell_VHRU_AfroSmall") -> Uvi_Wig_Spell_VHRU_AfroSmall | C4: =IFERROR(__xludf.DUMMYFUNCTION("IF($B4="""","""",SUBSTITUTE(SUBSTITUTE(SUBSTITUTE(SUBSTITUTE(INDEX(Hairstyles!$A:$A,MATCH($B4,Hairstyles!$F:$F,0)),"" "",""""),""'"",""""),""("",""""),"")"","""")&""\""&INDEX(SPLIT($A$2,""_""),1)&""\""&INDEX(SPLIT($A$2,""_""),2)&""\""&SUBSTITUTE(SUBSTITUT"&"E(SUBSTITUTE(SUBSTITUTE(SUBSTITUTE(INDEX(Hairstyles!$C:$C,MATCH($B4,Hairstyles!$F:$F,0)),"" "",""""),""'"",""""),""("",""""),"")"",""""),""-"",""_"")&""_""&$A$2)"),"Vanilla\Human\Male\Vanilla_AfroSmall_Human_Male") -> Vanilla\Human\Male\Vanilla_AfroSmall_Human_Male
B5: =IFERROR(__xludf.DUMMYFUNCTION("""COMPUTED_VALUE"""),"Uvi_Wig_Spell_VHRU_BaldingBun") -> Uvi_Wig_Spell_VHRU_BaldingBun | C5: =IFERROR(__xludf.DUMMYFUNCTION("IF($B5="""","""",SUBSTITUTE(SUBSTITUTE(SUBSTITUTE(SUBSTITUTE(INDEX(Hairstyles!$A:$A,MATCH($B5,Hairstyles!$F:$F,0)),"" "",""""),""'"",""""),""("",""""),"")"","""")&""\""&INDEX(SPLIT($A$2,""_""),1)&""\""&INDEX(SPLIT($A$2,""_""),2)&""\""&SUBSTITUTE(SUBSTITUT"&"E(SUBSTITUTE(SUBSTITUTE(SUBSTITUTE(INDEX(Hairstyles!$C:$C,MATCH($B5,Hairstyles!$F:$F,0)),"" "",""""),""'"",""""),""("",""""),"")"",""""),""-"",""_"")&""_""&$A$2)"),"Vanilla\Human\Male\Vanilla_BaldingBun_Human_Male") -> Vanilla\Human\Male\Vanilla_BaldingBun_Human_Male
B6: =IFERROR(__xludf.DUMMYFUNCTION("""COMPUTED_VALUE"""),"Uvi_Wig_Spell_VHRU_BaldingLong") -> Uvi_Wig_Spell_VHRU_BaldingLong | C6: =IFERROR(__xludf.DUMMYFUNCTION("IF($B6="""","""",SUBSTITUTE(SUBSTITUTE(SUBSTITUTE(SUBSTITUTE(INDEX(Hairstyles!$A:$A,MATCH($B6,Hairstyles!$F:$F,0)),"" "",""""),""'"",""""),""("",""""),"")"","""")&""\""&INDEX(SPLIT($A$2,""_""),1)&""\""&INDEX(SPLIT($A$2,""_""),2)&""\""&SUBSTITUTE(SUBSTITUT"&"E(SUBSTITUTE(SUBSTITUTE(SUBSTITUTE(INDEX(Hairstyles!$C:$C,MATCH($B6,Hairstyles!$F:$F,0)),"" "",""""),""'"",""""),""("",""""),"")"",""""),""-"",""_"")&""_""&$A$2)"),"Vanilla\Human\Male\Vanilla_BaldingLong_Human_Male") -> Vanilla\Human\Male\Vanilla_BaldingLong_Human_Male
B7: =IFERROR(__xludf.DUMMYFUNCTION("""COMPUTED_VALUE"""),"Uvi_Wig_Spell_VHRU_BaldingPonytailLong") -> Uvi_Wig_Spell_VHRU_BaldingPonytailLong | C7: =IFERROR(__xludf.DUMMYFUNCTION("IF($B7="""","""",SUBSTITUTE(SUBSTITUTE(SUBSTITUTE(SUBSTITUTE(INDEX(Hairstyles!$A:$A,MATCH($B7,Hairstyles!$F:$F,0)),"" "",""""),""'"",""""),""("",""""),"")"","""")&""\""&INDEX(SPLIT($A$2,""_""),1)&""\""&INDEX(SPLIT($A$2,""_""),2)&""\""&SUBSTITUTE(SUBSTITUT"&"E(SUBSTITUTE(SUBSTITUTE(SUBSTITUTE(INDEX(Hairstyles!$C:$C,MATCH($B7,Hairstyles!$F:$F,0)),"" "",""""),""'"",""""),""("",""""),"")"",""""),""-"",""_"")&""_""&$A$2)"),"Vanilla\Human\Male\Vanilla_BaldingPonytailLong_Human_Male") -> Vanilla\Human\Male\Vanilla_BaldingPonytailLong_Human_Male
B8: =IFERROR(__xludf.DUMMYFUNCTION("""COMPUTED_VALUE"""),"Uvi_Wig_Spell_VHRU_BaldingShort1") -> Uvi_Wig_Spell_VHRU_BaldingShort1 | C8: =IFERROR(__xludf.DUMMYFUNCTION("IF($B8="""","""",SUBSTITUTE(SUBSTITUTE(SUBSTITUTE(SUBSTITUTE(INDEX(Hairstyles!$A:$A,MATCH($B8,Hairstyles!$F:$F,0)),"" "",""""),""'"",""""),""("",""""),"")"","""")&""\""&INDEX(SPLIT($A$2,""_""),1)&""\""&INDEX(SPLIT($A$2,""_""),2)&""\""&SUBSTITUTE(SUBSTITUT"&"E(SUBSTITUTE(SUBSTITUTE(SUBSTITUTE(INDEX(Hairstyles!$C:$C,MATCH($B8,Hairstyles!$F:$F,0)),"" "",""""),""'"",""""),""("",""""),"")"",""""),""-"",""_"")&""_""&$A$2)"),"Vanilla\Human\Male\Vanilla_BaldingShort1_Human_Male") -> Vanilla\Human\Male\Vanilla_BaldingShort1_Human_Male
B9: =IFERROR(__xludf.DUMMYFUNCTION("""COMPUTED_VALUE"""),"Uvi_Wig_Spell_VHRU_BaldingShort2") -> Uvi_Wig_Spell_VHRU_BaldingShort2 | C9: =IFERROR(__xludf.DUMMYFUNCTION("IF($B9="""","""",SUBSTITUTE(SUBSTITUTE(SUBSTITUTE(SUBSTITUTE(INDEX(Hairstyles!$A:$A,MATCH($B9,Hairstyles!$F:$F,0)),"" "",""""),""'"",""""),""("",""""),"")"","""")&""\""&INDEX(SPLIT($A$2,""_""),1)&""\""&INDEX(SPLIT($A$2,""_""),2)&""\""&SUBSTITUTE(SUBSTITUT"&"E(SUBSTITUTE(SUBSTITUTE(SUBSTITUTE(INDEX(Hairstyles!$C:$C,MATCH($B9,Hairstyles!$F:$F,0)),"" "",""""),""'"",""""),""("",""""),"")"",""""),""-"",""_"")&""_""&$A$2)"),"Vanilla\Human\Male\Vanilla_BaldingShort2_Human_Male") -> Vanilla\Human\Male\Vanilla_BaldingShort2_Human_Male
B10: =IFERROR(__xludf.DUMMYFUNCTION("""COMPUTED_VALUE"""),"Uvi_Wig_Spell_VHRU_BaldingShort3") -> Uvi_Wig_Spell_VHRU_BaldingShort3 | C10: =IFERROR(__xludf.DUMMYFUNCTION("IF($B10="""","""",SUBSTITUTE(SUBSTITUTE(SUBSTITUTE(SUBSTITUTE(INDEX(Hairstyles!$A:$A,MATCH($B10,Hairstyles!$F:$F,0)),"" "",""""),""'"",""""),""("",""""),"")"","""")&""\""&INDEX(SPLIT($A$2,""_""),1)&""\""&INDEX(SPLIT($A$2,""_""),2)&""\""&SUBSTITUTE(SUBSTIT"&"UTE(SUBSTITUTE(SUBSTITUTE(SUBSTITUTE(INDEX(Hairstyles!$C:$C,MATCH($B10,Hairstyles!$F:$F,0)),"" "",""""),""'"",""""),""("",""""),"")"",""""),""-"",""_"")&""_""&$A$2)"),"Vanilla\Human\Male\Vanilla_BaldingShort3_Human_Male") -> Vanilla\Human\Male\Vanilla_BaldingShort3_Human_Male
B11: =IFERROR(__xludf.DUMMYFUNCTION("""COMPUTED_VALUE"""),"Uvi_Wig_Spell_VHRU_BaldingShort4") -> Uvi_Wig_Spell_VHRU_BaldingShort4 | C11: =IFERROR(__xludf.DUMMYFUNCTION("IF($B11="""","""",SUBSTITUTE(SUBSTITUTE(SUBSTITUTE(SUBSTITUTE(INDEX(Hairstyles!$A:$A,MATCH($B11,Hairstyles!$F:$F,0)),"" "",""""),""'"",""""),""("",""""),"")"","""")&""\""&INDEX(SPLIT($A$2,""_""),1)&""\""&INDEX(SPLIT($A$2,""_""),2)&""\""&SUBSTITUTE(SUBSTIT"&"UTE(SUBSTITUTE(SUBSTITUTE(SUBSTITUTE(INDEX(Hairstyles!$C:$C,MATCH($B11,Hairstyles!$F:$F,0)),"" "",""""),""'"",""""),""("",""""),"")"",""""),""-"",""_"")&""_""&$A$2)"),"Vanilla\Human\Male\Vanilla_BaldingShort4_Human_Male") -> Vanilla\Human\Male\Vanilla_BaldingShort4_Human_Male
B12: =IFERROR(__xludf.DUMMYFUNCTION("""COMPUTED_VALUE"""),"Uvi_Wig_Spell_VHRU_BaldingShort5") -> Uvi_Wig_Spell_VHRU_BaldingShort5 | C12: =IFERROR(__xludf.DUMMYFUNCTION("IF($B12="""","""",SUBSTITUTE(SUBSTITUTE(SUBSTITUTE(SUBSTITUTE(INDEX(Hairstyles!$A:$A,MATCH($B12,Hairstyles!$F:$F,0)),"" "",""""),""'"",""""),""("",""""),"")"","""")&""\""&INDEX(SPLIT($A$2,""_""),1)&""\""&INDEX(SPLIT($A$2,""_""),2)&""\""&SUBSTITUTE(SUBSTIT"&"UTE(SUBSTITUTE(SUBSTITUTE(SUBSTITUTE(INDEX(Hairstyles!$C:$C,MATCH($B12,Hairstyles!$F:$F,0)),"" "",""""),""'"",""""),""("",""""),"")"",""""),""-"",""_"")&""_""&$A$2)"),"Vanilla\Human\Male\Vanilla_BaldingShort5_Human_Male") -> Vanilla\Human\Male\Vanilla_BaldingShort5_Human_Male
B13: =IFERROR(__xludf.DUMMYFUNCTION("""COMPUTED_VALUE"""),"Uvi_Wig_Spell_VHRU_CornRowMohawk") -> Uvi_Wig_Spell_VHRU_CornRowMohawk | C13: =IFERROR(__xludf.DUMMYFUNCTION("IF($B13="""","""",SUBSTITUTE(SUBSTITUTE(SUBSTITUTE(SUBSTITUTE(INDEX(Hairstyles!$A:$A,MATCH($B13,Hairstyles!$F:$F,0)),"" "",""""),""'"",""""),""("",""""),"")"","""")&""\""&INDEX(SPLIT($A$2,""_""),1)&""\""&INDEX(SPLIT($A$2,""_""),2)&""\""&SUBSTITUTE(SUBSTIT"&"UTE(SUBSTITUTE(SUBSTITUTE(SUBSTITUTE(INDEX(Hairstyles!$C:$C,MATCH($B13,Hairstyles!$F:$F,0)),"" "",""""),""'"",""""),""("",""""),"")"",""""),""-"",""_"")&""_""&$A$2)"),"Vanilla\Human\Male\Vanilla_CornRowMohawk_Human_Male") -> Vanilla\Human\Male\Vanilla_CornRowMohawk_Human_Male
B14: =IFERROR(__xludf.DUMMYFUNCTION("""COMPUTED_VALUE"""),"Uvi_Wig_Spell_VHRU_CornRows") -> Uvi_Wig_Spell_VHRU_CornRows | C14: =IFERROR(__xludf.DUMMYFUNCTION("IF($B14="""","""",SUBSTITUTE(SUBSTITUTE(SUBSTITUTE(SUBSTITUTE(INDEX(Hairstyles!$A:$A,MATCH($B14,Hairstyles!$F:$F,0)),"" "",""""),""'"",""""),""("",""""),"")"","""")&""\""&INDEX(SPLIT($A$2,""_""),1)&""\""&INDEX(SPLIT($A$2,""_""),2)&""\""&SUBSTITUTE(SUBSTIT"&"UTE(SUBSTITUTE(SUBSTITUTE(SUBSTITUTE(INDEX(Hairstyles!$C:$C,MATCH($B14,Hairstyles!$F:$F,0)),"" "",""""),""'"",""""),""("",""""),"")"",""""),""-"",""_"")&""_""&$A$2)"),"Vanilla\Human\Male\Vanilla_CornRows_Human_Male") -> Vanilla\Human\Male\Vanilla_CornRows_Human_Male
B15: =IFERROR(__xludf.DUMMYFUNCTION("""COMPUTED_VALUE"""),"Uvi_Wig_Spell_VHRU_DreadlockMohawk") -> Uvi_Wig_Spell_VHRU_DreadlockMohawk | C15: =IFERROR(__xludf.DUMMYFUNCTION("IF($B15="""","""",SUBSTITUTE(SUBSTITUTE(SUBSTITUTE(SUBSTITUTE(INDEX(Hairstyles!$A:$A,MATCH($B15,Hairstyles!$F:$F,0)),"" "",""""),""'"",""""),""("",""""),"")"","""")&""\""&INDEX(SPLIT($A$2,""_""),1)&""\""&INDEX(SPLIT($A$2,""_""),2)&""\""&SUBSTITUTE(SUBSTIT"&"UTE(SUBSTITUTE(SUBSTITUTE(SUBSTITUTE(INDEX(Hairstyles!$C:$C,MATCH($B15,Hairstyles!$F:$F,0)),"" "",""""),""'"",""""),""("",""""),"")"",""""),""-"",""_"")&""_""&$A$2)"),"Vanilla\Human\Male\Vanilla_DreadlockMohawk_Human_Male") -> Vanilla\Human\Male\Vanilla_DreadlockMohawk_Human_Male
B16: =IFERROR(__xludf.DUMMYFUNCTION("""COMPUTED_VALUE"""),"Uvi_Wig_Spell_VHRU_DreadlockPonytail") -> Uvi_Wig_Spell_VHRU_DreadlockPonytail | C16: =IFERROR(__xludf.DUMMYFUNCTION("IF($B16="""","""",SUBSTITUTE(SUBSTITUTE(SUBSTITUTE(SUBSTITUTE(INDEX(Hairstyles!$A:$A,MATCH($B16,Hairstyles!$F:$F,0)),"" "",""""),""'"",""""),""("",""""),"")"","""")&""\""&INDEX(SPLIT($A$2,""_""),1)&""\""&INDEX(SPLIT($A$2,""_""),2)&""\""&SUBSTITUTE(SUBSTIT"&"UTE(SUBSTITUTE(SUBSTITUTE(SUBSTITUTE(INDEX(Hairstyles!$C:$C,MATCH($B16,Hairstyles!$F:$F,0)),"" "",""""),""'"",""""),""("",""""),"")"",""""),""-"",""_"")&""_""&$A$2)"),"Vanilla\Human\Male\Vanilla_DreadlockPonytail_Human_Male") -> Vanilla\Human\Male\Vanilla_DreadlockPonytail_Human_Male
B17: =IFERROR(__xludf.DUMMYFUNCTION("""COMPUTED_VALUE"""),"Uvi_Wig_Spell_VHRU_FrenchBraids") -> Uvi_Wig_Spell_VHRU_FrenchBraids | C17: =IFERROR(__xludf.DUMMYFUNCTION("IF($B17="""","""",SUBSTITUTE(SUBSTITUTE(SUBSTITUTE(SUBSTITUTE(INDEX(Hairstyles!$A:$A,MATCH($B17,Hairstyles!$F:$F,0)),"" "",""""),""'"",""""),""("",""""),"")"","""")&""\""&INDEX(SPLIT($A$2,""_""),1)&""\""&INDEX(SPLIT($A$2,""_""),2)&""\""&SUBSTITUTE(SUBSTIT"&"UTE(SUBSTITUTE(SUBSTITUTE(SUBSTITUTE(INDEX(Hairstyles!$C:$C,MATCH($B17,Hairstyles!$F:$F,0)),"" "",""""),""'"",""""),""("",""""),"")"",""""),""-"",""_"")&""_""&$A$2)"),"Vanilla\Human\Male\Vanilla_FrenchBraids_Human_Male") -> Vanilla\Human\Male\Vanilla_FrenchBraids_Human_Male
B18: =IFERROR(__xludf.DUMMYFUNCTION("""COMPUTED_VALUE"""),"Uvi_Wig_Spell_VHRU_FrenchBraidsHigh") -> Uvi_Wig_Spell_VHRU_FrenchBraidsHigh | C18: =IFERROR(__xludf.DUMMYFUNCTION("IF($B18="""","""",SUBSTITUTE(SUBSTITUTE(SUBSTITUTE(SUBSTITUTE(INDEX(Hairstyles!$A:$A,MATCH($B18,Hairstyles!$F:$F,0)),"" "",""""),""'"",""""),""("",""""),"")"","""")&""\""&INDEX(SPLIT($A$2,""_""),1)&""\""&INDEX(SPLIT($A$2,""_""),2)&""\""&SUBSTITUTE(SUBSTIT"&"UTE(SUBSTITUTE(SUBSTITUTE(SUBSTITUTE(INDEX(Hairstyles!$C:$C,MATCH($B18,Hairstyles!$F:$F,0)),"" "",""""),""'"",""""),""("",""""),"")"",""""),""-"",""_"")&""_""&$A$2)"),"Vanilla\Human\Male\Vanilla_FrenchBraidsHigh_Human_Male") -> Vanilla\Human\Male\Vanilla_FrenchBraidsHigh_Human_Male
B19: =IFERROR(__xludf.DUMMYFUNCTION("""COMPUTED_VALUE"""),"Uvi_Wig_Spell_VHRU_FrenchBraidsPonytail") -> Uvi_Wig_Spell_VHRU_FrenchBraidsPonytail | C19: =IFERROR(__xludf.DUMMYFUNCTION("IF($B19="""","""",SUBSTITUTE(SUBSTITUTE(SUBSTITUTE(SUBSTITUTE(INDEX(Hairstyles!$A:$A,MATCH($B19,Hairstyles!$F:$F,0)),"" "",""""),""'"",""""),""("",""""),"")"","""")&""\""&INDEX(SPLIT($A$2,""_""),1)&""\""&INDEX(SPLIT($A$2,""_""),2)&""\""&SUBSTITUTE(SUBSTIT"&"UTE(SUBSTITUTE(SUBSTITUTE(SUBSTITUTE(INDEX(Hairstyles!$C:$C,MATCH($B19,Hairstyles!$F:$F,0)),"" "",""""),""'"",""""),""("",""""),"")"",""""),""-"",""_"")&""_""&$A$2)"),"Vanilla\Human\Male\Vanilla_FrenchBraidsPonytail_Human_Male") -> Vanilla\Human\Male\Vanilla_FrenchBraidsPonytail_Human_Male
B20: =IFERROR(__xludf.DUMMYFUNCTION("""COMPUTED_VALUE"""),"Uvi_Wig_Spell_VHRU_FrenchBraidsSmall") -> Uvi_Wig_Spell_VHRU_FrenchBraidsSmall | C20: =IFERROR(__xludf.DUMMYFUNCTION("IF($B20="""","""",SUBSTITUTE(SUBSTITUTE(SUBSTITUTE(SUBSTITUTE(INDEX(Hairstyles!$A:$A,MATCH($B20,Hairstyles!$F:$F,0)),"" "",""""),""'"",""""),""("",""""),"")"","""")&""\""&INDEX(SPLIT($A$2,""_""),1)&""\""&INDEX(SPLIT($A$2,""_""),2)&""\""&SUBSTITUTE(SUBSTIT"&"UTE(SUBSTITUTE(SUBSTITUTE(SUBSTITUTE(INDEX(Hairstyles!$C:$C,MATCH($B20,Hairstyles!$F:$F,0)),"" "",""""),""'"",""""),""("",""""),"")"",""""),""-"",""_"")&""_""&$A$2)"),"Vanilla\Human\Male\Vanilla_FrenchBraidsSmall_Human_Male") -> Vanilla\Human\Male\Vanilla_FrenchBraidsSmall_Human_Male
B21: =IFERROR(__xludf.DUMMYFUNCTION("""COMPUTED_VALUE"""),"Uvi_Wig_Spell_VHRU_LooseBun") -> Uvi_Wig_Spell_VHRU_LooseBun | C21: =IFERROR(__xludf.DUMMYFUNCTION("IF($B21="""","""",SUBSTITUTE(SUBSTITUTE(SUBSTITUTE(SUBSTITUTE(INDEX(Hairstyles!$A:$A,MATCH($B21,Hairstyles!$F:$F,0)),"" "",""""),""'"",""""),""("",""""),"")"","""")&""\""&INDEX(SPLIT($A$2,""_""),1)&""\""&INDEX(SPLIT($A$2,""_""),2)&""\""&SUBSTITUTE(SUBSTIT"&"UTE(SUBSTITUTE(SUBSTITUTE(SUBSTITUTE(INDEX(Hairstyles!$C:$C,MATCH($B21,Hairstyles!$F:$F,0)),"" "",""""),""'"",""""),""("",""""),"")"",""""),""-"",""_"")&""_""&$A$2)"),"Vanilla\Human\Male\Vanilla_LooseBun_Human_Male") -> Vanilla\Human\Male\Vanilla_LooseBun_Human_Male
B22: =IFERROR(__xludf.DUMMYFUNCTION("""COMPUTED_VALUE"""),"Uvi_Wig_Spell_VHRU_MohawkLong") -> Uvi_Wig_Spell_VHRU_MohawkLong | C22: =IFERROR(__xludf.DUMMYFUNCTION("IF($B22="""","""",SUBSTITUTE(SUBSTITUTE(SUBSTITUTE(SUBSTITUTE(INDEX(Hairstyles!$A:$A,MATCH($B22,Hairstyles!$F:$F,0)),"" "",""""),""'"",""""),""("",""""),"")"","""")&""\""&INDEX(SPLIT($A$2,""_""),1)&""\""&INDEX(SPLIT($A$2,""_""),2)&""\""&SUBSTITUTE(SUBSTIT"&"UTE(SUBSTITUTE(SUBSTITUTE(SUBSTITUTE(INDEX(Hairstyles!$C:$C,MATCH($B22,Hairstyles!$F:$F,0)),"" "",""""),""'"",""""),""("",""""),"")"",""""),""-"",""_"")&""_""&$A$2)"),"Vanilla\Human\Male\Vanilla_MohawkLong_Human_Male") -> Vanilla\Human\Male\Vanilla_MohawkLong_Human_Male
B23: =IFERROR(__xludf.DUMMYFUNCTION("""COMPUTED_VALUE"""),"Uvi_Wig_Spell_VHRU_MohawkMessyLongBraid") -> Uvi_Wig_Spell_VHRU_MohawkMessyLongBraid | C23: =IFERROR(__xludf.DUMMYFUNCTION("IF($B23="""","""",SUBSTITUTE(SUBSTITUTE(SUBSTITUTE(SUBSTITUTE(INDEX(Hairstyles!$A:$A,MATCH($B23,Hairstyles!$F:$F,0)),"" "",""""),""'"",""""),""("",""""),"")"","""")&""\""&INDEX(SPLIT($A$2,""_""),1)&""\""&INDEX(SPLIT($A$2,""_""),2)&""\""&SUBSTITUTE(SUBSTIT"&"UTE(SUBSTITUTE(SUBSTITUTE(SUBSTITUTE(INDEX(Hairstyles!$C:$C,MATCH($B23,Hairstyles!$F:$F,0)),"" "",""""),""'"",""""),""("",""""),"")"",""""),""-"",""_"")&""_""&$A$2)"),"Vanilla\Human\Male\Vanilla_MohawkMessyLongBraid_Human_Male") -> Vanilla\Human\Male\Vanilla_MohawkMessyLongBraid_Human_Male
B24: =IFERROR(__xludf.DUMMYFUNCTION("""COMPUTED_VALUE"""),"Uvi_Wig_Spell_VHRU_MohawkMessyRingedBraids") -> Uvi_Wig_Spell_VHRU_MohawkMessyRingedBraids | C24: =IFERROR(__xludf.DUMMYFUNCTION("IF($B24="""","""",SUBSTITUTE(SUBSTITUTE(SUBSTITUTE(SUBSTITUTE(INDEX(Hairstyles!$A:$A,MATCH($B24,Hairstyles!$F:$F,0)),"" "",""""),""'"",""""),""("",""""),"")"","""")&""\""&INDEX(SPLIT($A$2,""_""),1)&""\""&INDEX(SPLIT($A$2,""_""),2)&""\""&SUBSTITUTE(SUBSTIT"&"UTE(SUBSTITUTE(SUBSTITUTE(SUBSTITUTE(INDEX(Hairstyles!$C:$C,MATCH($B24,Hairstyles!$F:$F,0)),"" "",""""),""'"",""""),""("",""""),"")"",""""),""-"",""_"")&""_""&$A$2)"),"Vanilla\Human\Male\Vanilla_MohawkMessyRingedBraids_Human_Male") -> Vanilla\Human\Male\Vanilla_MohawkMessyRingedBraids_Human_Male
B25: =IFERROR(__xludf.DUMMYFUNCTION("""COMPUTED_VALUE"""),"Uvi_Wig_Spell_VHRU_MohawkMessySideBraids") -> Uvi_Wig_Spell_VHRU_MohawkMessySideBraids | C25: =IFERROR(__xludf.DUMMYFUNCTION("IF($B25="""","""",SUBSTITUTE(SUBSTITUTE(SUBSTITUTE(SUBSTITUTE(INDEX(Hairstyles!$A:$A,MATCH($B25,Hairstyles!$F:$F,0)),"" "",""""),""'"",""""),""("",""""),"")"","""")&""\""&INDEX(SPLIT($A$2,""_""),1)&""\""&INDEX(SPLIT($A$2,""_""),2)&""\""&SUBSTITUTE(SUBSTIT"&"UTE(SUBSTITUTE(SUBSTITUTE(SUBSTITUTE(INDEX(Hairstyles!$C:$C,MATCH($B25,Hairstyles!$F:$F,0)),"" "",""""),""'"",""""),""("",""""),"")"",""""),""-"",""_"")&""_""&$A$2)"),"Vanilla\Human\Male\Vanilla_MohawkMessySideBraids_Human_Male") -> Vanilla\Human\Male\Vanilla_MohawkMessySideBraids_Human_Male
B26: =IFERROR(__xludf.DUMMYFUNCTION("""COMPUTED_VALUE"""),"Uvi_Wig_Spell_VHRU_MohawkMullet") -> Uvi_Wig_Spell_VHRU_MohawkMullet | C26: =IFERROR(__xludf.DUMMYFUNCTION("IF($B26="""","""",SUBSTITUTE(SUBSTITUTE(SUBSTITUTE(SUBSTITUTE(INDEX(Hairstyles!$A:$A,MATCH($B26,Hairstyles!$F:$F,0)),"" "",""""),""'"",""""),""("",""""),"")"","""")&""\""&INDEX(SPLIT($A$2,""_""),1)&""\""&INDEX(SPLIT($A$2,""_""),2)&""\""&SUBSTITUTE(SUBSTIT"&"UTE(SUBSTITUTE(SUBSTITUTE(SUBSTITUTE(INDEX(Hairstyles!$C:$C,MATCH($B26,Hairstyles!$F:$F,0)),"" "",""""),""'"",""""),""("",""""),"")"",""""),""-"",""_"")&""_""&$A$2)"),"Vanilla\Human\Male\Vanilla_MohawkMullet_Human_Male") -> Vanilla\Human\Male\Vanilla_MohawkMullet_Human_Male
B27: =IFERROR(__xludf.DUMMYFUNCTION("""COMPUTED_VALUE"""),"Uvi_Wig_Spell_VHRU_MohawkMulletSideBraids") -> Uvi_Wig_Spell_VHRU_MohawkMulletSideBraids | C27: =IFERROR(__xludf.DUMMYFUNCTION("IF($B27="""","""",SUBSTITUTE(SUBSTITUTE(SUBSTITUTE(SUBSTITUTE(INDEX(Hairstyles!$A:$A,MATCH($B27,Hairstyles!$F:$F,0)),"" "",""""),""'"",""""),""("",""""),"")"","""")&""\""&INDEX(SPLIT($A$2,""_""),1)&""\""&INDEX(SPLIT($A$2,""_""),2)&""\""&SUBSTITUTE(SUBSTIT"&"UTE(SUBSTITUTE(SUBSTITUTE(SUBSTITUTE(INDEX(Hairstyles!$C:$C,MATCH($B27,Hairstyles!$F:$F,0)),"" "",""""),""'"",""""),""("",""""),"")"",""""),""-"",""_"")&""_""&$A$2)"),"Vanilla\Human\Male\Vanilla_MohawkMulletSideBraids_Human_Male") -> Vanilla\Human\Male\Vanilla_MohawkMulletSideBraids_Human_Male
B28: =IFERROR(__xludf.DUMMYFUNCTION("""COMPUTED_VALUE"""),"Uvi_Wig_Spell_VHRU_MohawkSegmentedPonytail") -> Uvi_Wig_Spell_VHRU_MohawkSegmentedPonytail | C28: =IFERROR(__xludf.DUMMYFUNCTION("IF($B28="""","""",SUBSTITUTE(SUBSTITUTE(SUBSTITUTE(SUBSTITUTE(INDEX(Hairstyles!$A:$A,MATCH($B28,Hairstyles!$F:$F,0)),"" "",""""),""'"",""""),""("",""""),"")"","""")&""\""&INDEX(SPLIT($A$2,""_""),1)&""\""&INDEX(SPLIT($A$2,""_""),2)&""\""&SUBSTITUTE(SUBSTIT"&"UTE(SUBSTITUTE(SUBSTITUTE(SUBSTITUTE(INDEX(Hairstyles!$C:$C,MATCH($B28,Hairstyles!$F:$F,0)),"" "",""""),""'"",""""),""("",""""),"")"",""""),""-"",""_"")&""_""&$A$2)"),"Vanilla\Human\Male\Vanilla_MohawkSegmentedPonytail_Human_Male") -> Vanilla\Human\Male\Vanilla_MohawkSegmentedPonytail_Human_Male
B29: =IFERROR(__xludf.DUMMYFUNCTION("""COMPUTED_VALUE"""),"Uvi_Wig_Spell_VHRU_MohawkShort") -> Uvi_Wig_Spell_VHRU_MohawkShort | C29: =IFERROR(__xludf.DUMMYFUNCTION("IF($B29="""","""",SUBSTITUTE(SUBSTITUTE(SUBSTITUTE(SUBSTITUTE(INDEX(Hairstyles!$A:$A,MATCH($B29,Hairstyles!$F:$F,0)),"" "",""""),""'"",""""),""("",""""),"")"","""")&""\""&INDEX(SPLIT($A$2,""_""),1)&""\""&INDEX(SPLIT($A$2,""_""),2)&""\""&SUBSTITUTE(SUBSTIT"&"UTE(SUBSTITUTE(SUBSTITUTE(SUBSTITUTE(INDEX(Hairstyles!$C:$C,MATCH($B29,Hairstyles!$F:$F,0)),"" "",""""),""'"",""""),""("",""""),"")"",""""),""-"",""_"")&""_""&$A$2)"),"Vanilla\Human\Male\Vanilla_MohawkShort_Human_Male") -> Vanilla\Human\Male\Vanilla_MohawkShort_Human_Male
B30: =IFERROR(__xludf.DUMMYFUNCTION("""COMPUTED_VALUE"""),"Uvi_Wig_Spell_VHRU_MohawkFrenchBraids") -> Uvi_Wig_Spell_VHRU_MohawkFrenchBraids | C30: =IFERROR(__xludf.DUMMYFUNCTION("IF($B30="""","""",SUBSTITUTE(SUBSTITUTE(SUBSTITUTE(SUBSTITUTE(INDEX(Hairstyles!$A:$A,MATCH($B30,Hairstyles!$F:$F,0)),"" "",""""),""'"",""""),""("",""""),"")"","""")&""\""&INDEX(SPLIT($A$2,""_""),1)&""\""&INDEX(SPLIT($A$2,""_""),2)&""\""&SUBSTITUTE(SUBSTIT"&"UTE(SUBSTITUTE(SUBSTITUTE(SUBSTITUTE(INDEX(Hairstyles!$C:$C,MATCH($B30,Hairstyles!$F:$F,0)),"" "",""""),""'"",""""),""("",""""),"")"",""""),""-"",""_"")&""_""&$A$2)"),"Vanilla\Human\Male\Vanilla_MohawkFrenchBraids_Human_Male") -> Vanilla\Human\Male\Vanilla_MohawkFrenchBraids_Human_Male
B31: =IFERROR(__xludf.DUMMYFUNCTION("""COMPUTED_VALUE"""),"Uvi_Wig_Spell_VHRU_PonytailBangsShort") -> Uvi_Wig_Spell_VHRU_PonytailBangsShort | C31: =IFERROR(__xludf.DUMMYFUNCTION("IF($B31="""","""",SUBSTITUTE(SUBSTITUTE(SUBSTITUTE(SUBSTITUTE(INDEX(Hairstyles!$A:$A,MATCH($B31,Hairstyles!$F:$F,0)),"" "",""""),""'"",""""),""("",""""),"")"","""")&""\""&INDEX(SPLIT($A$2,""_""),1)&""\""&INDEX(SPLIT($A$2,""_""),2)&""\""&SUBSTITUTE(SUBSTIT"&"UTE(SUBSTITUTE(SUBSTITUTE(SUBSTITUTE(INDEX(Hairstyles!$C:$C,MATCH($B31,Hairstyles!$F:$F,0)),"" "",""""),""'"",""""),""("",""""),"")"",""""),""-"",""_"")&""_""&$A$2)"),"Vanilla\Human\Male\Vanilla_PonytailBangsShort_Human_Male") -> Vanilla\Human\Male\Vanilla_PonytailBangsShort_Human_Male
B32: =IFERROR(__xludf.DUMMYFUNCTION("""COMPUTED_VALUE"""),"Uvi_Wig_Spell_VHRU_PonytailHalf-up") -> Uvi_Wig_Spell_VHRU_PonytailHalf-up | C32: =IFERROR(__xludf.DUMMYFUNCTION("IF($B32="""","""",SUBSTITUTE(SUBSTITUTE(SUBSTITUTE(SUBSTITUTE(INDEX(Hairstyles!$A:$A,MATCH($B32,Hairstyles!$F:$F,0)),"" "",""""),""'"",""""),""("",""""),"")"","""")&""\""&INDEX(SPLIT($A$2,""_""),1)&""\""&INDEX(SPLIT($A$2,""_""),2)&""\""&SUBSTITUTE(SUBSTIT"&"UTE(SUBSTITUTE(SUBSTITUTE(SUBSTITUTE(INDEX(Hairstyles!$C:$C,MATCH($B32,Hairstyles!$F:$F,0)),"" "",""""),""'"",""""),""("",""""),"")"",""""),""-"",""_"")&""_""&$A$2)"),"Vanilla\Human\Male\Vanilla_PonytailHalf_up_Human_Male") -> Vanilla\Human\Male\Vanilla_PonytailHalf_up_Human_Male
B33: =IFERROR(__xludf.DUMMYFUNCTION("""COMPUTED_VALUE"""),"Uvi_Wig_Spell_VHRU_PonytailLow") -> Uvi_Wig_Spell_VHRU_PonytailLow | C33: =IFERROR(__xludf.DUMMYFUNCTION("IF($B33="""","""",SUBSTITUTE(SUBSTITUTE(SUBSTITUTE(SUBSTITUTE(INDEX(Hairstyles!$A:$A,MATCH($B33,Hairstyles!$F:$F,0)),"" "",""""),""'"",""""),""("",""""),"")"","""")&""\""&INDEX(SPLIT($A$2,""_""),1)&""\""&INDEX(SPLIT($A$2,""_""),2)&""\""&SUBSTITUTE(SUBSTIT"&"UTE(SUBSTITUTE(SUBSTITUTE(SUBSTITUTE(INDEX(Hairstyles!$C:$C,MATCH($B33,Hairstyles!$F:$F,0)),"" "",""""),""'"",""""),""("",""""),"")"",""""),""-"",""_"")&""_""&$A$2)"),"Vanilla\Human\Male\Vanilla_PonytailLow_Human_Male") -> Vanilla\Human\Male\Vanilla_PonytailLow_Human_Male
B34: =IFERROR(__xludf.DUMMYFUNCTION("""COMPUTED_VALUE"""),"Uvi_Wig_Spell_VHRU_PulledBackLongBraid") -> Uvi_Wig_Spell_VHRU_PulledBackLongBraid | C34: =IFERROR(__xludf.DUMMYFUNCTION("IF($B34="""","""",SUBSTITUTE(SUBSTITUTE(SUBSTITUTE(SUBSTITUTE(INDEX(Hairstyles!$A:$A,MATCH($B34,Hairstyles!$F:$F,0)),"" "",""""),""'"",""""),""("",""""),"")"","""")&""\""&INDEX(SPLIT($A$2,""_""),1)&""\""&INDEX(SPLIT($A$2,""_""),2)&""\""&SUBSTITUTE(SUBSTIT"&"UTE(SUBSTITUTE(SUBSTITUTE(SUBSTITUTE(INDEX(Hairstyles!$C:$C,MATCH($B34,Hairstyles!$F:$F,0)),"" "",""""),""'"",""""),""("",""""),"")"",""""),""-"",""_"")&""_""&$A$2)"),"Vanilla\Human\Male\Vanilla_PulledBackLongBraid_Human_Male") -> Vanilla\Human\Male\Vanilla_PulledBackLongBraid_Human_Male
B35: =IFERROR(__xludf.DUMMYFUNCTION("""COMPUTED_VALUE"""),"Uvi_Wig_Spell_VHRU_RoninPonytailBanded") -> Uvi_Wig_Spell_VHRU_RoninPonytailBanded | C35: =IFERROR(__xludf.DUMMYFUNCTION("IF($B35="""","""",SUBSTITUTE(SUBSTITUTE(SUBSTITUTE(SUBSTITUTE(INDEX(Hairstyles!$A:$A,MATCH($B35,Hairstyles!$F:$F,0)),"" "",""""),""'"",""""),""("",""""),"")"","""")&""\""&INDEX(SPLIT($A$2,""_""),1)&""\""&INDEX(SPLIT($A$2,""_""),2)&""\""&SUBSTITUTE(SUBSTIT"&"UTE(SUBSTITUTE(SUBSTITUTE(SUBSTITUTE(INDEX(Hairstyles!$C:$C,MATCH($B35,Hairstyles!$F:$F,0)),"" "",""""),""'"",""""),""("",""""),"")"",""""),""-"",""_"")&""_""&$A$2)"),"Vanilla\Human\Male\Vanilla_RoninPonytailBanded_Human_Male") -> Vanilla\Human\Male\Vanilla_RoninPonytailBanded_Human_Male
B36: =IFERROR(__xludf.DUMMYFUNCTION("""COMPUTED_VALUE"""),"Uvi_Wig_Spell_VHRU_RoninPonytailBraid") -> Uvi_Wig_Spell_VHRU_RoninPonytailBraid | C36: =IFERROR(__xludf.DUMMYFUNCTION("IF($B36="""","""",SUBSTITUTE(SUBSTITUTE(SUBSTITUTE(SUBSTITUTE(INDEX(Hairstyles!$A:$A,MATCH($B36,Hairstyles!$F:$F,0)),"" "",""""),""'"",""""),""("",""""),"")"","""")&""\""&INDEX(SPLIT($A$2,""_""),1)&""\""&INDEX(SPLIT($A$2,""_""),2)&""\""&SUBSTITUTE(SUBSTIT"&"UTE(SUBSTITUTE(SUBSTITUTE(SUBSTITUTE(INDEX(Hairstyles!$C:$C,MATCH($B36,Hairstyles!$F:$F,0)),"" "",""""),""'"",""""),""("",""""),"")"",""""),""-"",""_"")&""_""&$A$2)"),"Vanilla\Human\Male\Vanilla_RoninPonytailBraid_Human_Male") -> Vanilla\Human\Male\Vanilla_RoninPonytailBraid_Human_Male
B37: =IFERROR(__xludf.DUMMYFUNCTION("""COMPUTED_VALUE"""),"Uvi_Wig_Spell_VHRU_RoninPonytailHalf-up") -> Uvi_Wig_Spell_VHRU_RoninPonytailHalf-up | C37: =IFERROR(__xludf.DUMMYFUNCTION("IF($B37="""","""",SUBSTITUTE(SUBSTITUTE(SUBSTITUTE(SUBSTITUTE(INDEX(Hairstyles!$A:$A,MATCH($B37,Hairstyles!$F:$F,0)),"" "",""""),""'"",""""),""("",""""),"")"","""")&""\""&INDEX(SPLIT($A$2,""_""),1)&""\""&INDEX(SPLIT($A$2,""_""),2)&""\""&SUBSTITUTE(SUBSTIT"&"UTE(SUBSTITUTE(SUBSTITUTE(SUBSTITUTE(INDEX(Hairstyles!$C:$C,MATCH($B37,Hairstyles!$F:$F,0)),"" "",""""),""'"",""""),""("",""""),"")"",""""),""-"",""_"")&""_""&$A$2)"),"Vanilla\Human\Male\Vanilla_RoninPonytailHalf_up_Human_Male") -> Vanilla\Human\Male\Vanilla_RoninPonytailHalf_up_Human_Male
B38: =IFERROR(__xludf.DUMMYFUNCTION("""COMPUTED_VALUE"""),"Uvi_Wig_Spell_VHRU_RoninPonytailLong") -> Uvi_Wig_Spell_VHRU_RoninPonytailLong | C38: =IFERROR(__xludf.DUMMYFUNCTION("IF($B38="""","""",SUBSTITUTE(SUBSTITUTE(SUBSTITUTE(SUBSTITUTE(INDEX(Hairstyles!$A:$A,MATCH($B38,Hairstyles!$F:$F,0)),"" "",""""),""'"",""""),""("",""""),"")"","""")&""\""&INDEX(SPLIT($A$2,""_""),1)&""\""&INDEX(SPLIT($A$2,""_""),2)&""\""&SUBSTITUTE(SUBSTIT"&"UTE(SUBSTITUTE(SUBSTITUTE(SUBSTITUTE(INDEX(Hairstyles!$C:$C,MATCH($B38,Hairstyles!$F:$F,0)),"" "",""""),""'"",""""),""("",""""),"")"",""""),""-"",""_"")&""_""&$A$2)"),"Vanilla\Human\Male\Vanilla_RoninPonytailLong_Human_Male") -> Vanilla\Human\Male\Vanilla_RoninPonytailLong_Human_Male
B39: =IFERROR(__xludf.DUMMYFUNCTION("""COMPUTED_VALUE"""),"Uvi_Wig_Spell_VHRU_RoninStackedBunsHalf-up") -> Uvi_Wig_Spell_VHRU_RoninStackedBunsHalf-up | C39: =IFERROR(__xludf.DUMMYFUNCTION("IF($B39="""","""",SUBSTITUTE(SUBSTITUTE(SUBSTITUTE(SUBSTITUTE(INDEX(Hairstyles!$A:$A,MATCH($B39,Hairstyles!$F:$F,0)),"" "",""""),""'"",""""),""("",""""),"")"","""")&""\""&INDEX(SPLIT($A$2,""_""),1)&""\""&INDEX(SPLIT($A$2,""_""),2)&""\""&SUBSTITUTE(SUBSTIT"&"UTE(SUBSTITUTE(SUBSTITUTE(SUBSTITUTE(INDEX(Hairstyles!$C:$C,MATCH($B39,Hairstyles!$F:$F,0)),"" "",""""),""'"",""""),""("",""""),"")"",""""),""-"",""_"")&""_""&$A$2)"),"Vanilla\Human\Male\Vanilla_RoninStackedBunsHalf_up_Human_Male") -> Vanilla\Human\Male\Vanilla_RoninStackedBunsHalf_up_Human_Male
B40: =IFERROR(__xludf.DUMMYFUNCTION("""COMPUTED_VALUE"""),"Uvi_Wig_Spell_VHRU_RoninTop-knot") -> Uvi_Wig_Spell_VHRU_RoninTop-knot | C40: =IFERROR(__xludf.DUMMYFUNCTION("IF($B40="""","""",SUBSTITUTE(SUBSTITUTE(SUBSTITUTE(SUBSTITUTE(INDEX(Hairstyles!$A:$A,MATCH($B40,Hairstyles!$F:$F,0)),"" "",""""),""'"",""""),""("",""""),"")"","""")&""\""&INDEX(SPLIT($A$2,""_""),1)&""\""&INDEX(SPLIT($A$2,""_""),2)&""\""&SUBSTITUTE(SUBSTIT"&"UTE(SUBSTITUTE(SUBSTITUTE(SUBSTITUTE(INDEX(Hairstyles!$C:$C,MATCH($B40,Hairstyles!$F:$F,0)),"" "",""""),""'"",""""),""("",""""),"")"",""""),""-"",""_"")&""_""&$A$2)"),"Vanilla\Human\Male\Vanilla_RoninTop_knot_Human_Male") -> Vanilla\Human\Male\Vanilla_RoninTop_knot_Human_Male
B41: =IFERROR(__xludf.DUMMYFUNCTION("""COMPUTED_VALUE"""),"Uvi_Wig_Spell_VHRU_RoninUndercutPonytailBanded") -> Uvi_Wig_Spell_VHRU_RoninUndercutPonytailBanded | C41: =IFERROR(__xludf.DUMMYFUNCTION("IF($B41="""","""",SUBSTITUTE(SUBSTITUTE(SUBSTITUTE(SUBSTITUTE(INDEX(Hairstyles!$A:$A,MATCH($B41,Hairstyles!$F:$F,0)),"" "",""""),""'"",""""),""("",""""),"")"","""")&""\""&INDEX(SPLIT($A$2,""_""),1)&""\""&INDEX(SPLIT($A$2,""_""),2)&""\""&SUBSTITUTE(SUBSTIT"&"UTE(SUBSTITUTE(SUBSTITUTE(SUBSTITUTE(INDEX(Hairstyles!$C:$C,MATCH($B41,Hairstyles!$F:$F,0)),"" "",""""),""'"",""""),""("",""""),"")"",""""),""-"",""_"")&""_""&$A$2)"),"Vanilla\Human\Male\Vanilla_RoninUndercutPonytailBanded_Human_Male") -> Vanilla\Human\Male\Vanilla_RoninUndercutPonytailBanded_Human_Male
B42: =IFERROR(__xludf.DUMMYFUNCTION("""COMPUTED_VALUE"""),"Uvi_Wig_Spell_VHRU_RoninUndercutPonytailLong") -> Uvi_Wig_Spell_VHRU_RoninUndercutPonytailLong | C42: =IFERROR(__xludf.DUMMYFUNCTION("IF($B42="""","""",SUBSTITUTE(SUBSTITUTE(SUBSTITUTE(SUBSTITUTE(INDEX(Hairstyles!$A:$A,MATCH($B42,Hairstyles!$F:$F,0)),"" "",""""),""'"",""""),""("",""""),"")"","""")&""\""&INDEX(SPLIT($A$2,""_""),1)&""\""&INDEX(SPLIT($A$2,""_""),2)&""\""&SUBSTITUTE(SUBSTIT"&"UTE(SUBSTITUTE(SUBSTITUTE(SUBSTITUTE(INDEX(Hairstyles!$C:$C,MATCH($B42,Hairstyles!$F:$F,0)),"" "",""""),""'"",""""),""("",""""),"")"",""""),""-"",""_"")&""_""&$A$2)"),"Vanilla\Human\Male\Vanilla_RoninUndercutPonytailLong_Human_Male") -> Vanilla\Human\Male\Vanilla_RoninUndercutPonytailLong_Human_Male
B43: =IFERROR(__xludf.DUMMYFUNCTION("""COMPUTED_VALUE"""),"Uvi_Wig_Spell_VHRU_RoninUndercutPonytailShort") -> Uvi_Wig_Spell_VHRU_RoninUndercutPonytailShort | C43: =IFERROR(__xludf.DUMMYFUNCTION("IF($B43="""","""",SUBSTITUTE(SUBSTITUTE(SUBSTITUTE(SUBSTITUTE(INDEX(Hairstyles!$A:$A,MATCH($B43,Hairstyles!$F:$F,0)),"" "",""""),""'"",""""),""("",""""),"")"","""")&""\""&INDEX(SPLIT($A$2,""_""),1)&""\""&INDEX(SPLIT($A$2,""_""),2)&""\""&SUBSTITUTE(SUBSTIT"&"UTE(SUBSTITUTE(SUBSTITUTE(SUBSTITUTE(INDEX(Hairstyles!$C:$C,MATCH($B43,Hairstyles!$F:$F,0)),"" "",""""),""'"",""""),""("",""""),"")"",""""),""-"",""_"")&""_""&$A$2)"),"Vanilla\Human\Male\Vanilla_RoninUndercutPonytailShort_Human_Male") -> Vanilla\Human\Male\Vanilla_RoninUndercutPonytailShort_Human_Male
B44: =IFERROR(__xludf.DUMMYFUNCTION("""COMPUTED_VALUE"""),"Uvi_Wig_Spell_VHRU_Shaved1") -> Uvi_Wig_Spell_VHRU_Shaved1 | C44: =IFERROR(__xludf.DUMMYFUNCTION("IF($B44="""","""",SUBSTITUTE(SUBSTITUTE(SUBSTITUTE(SUBSTITUTE(INDEX(Hairstyles!$A:$A,MATCH($B44,Hairstyles!$F:$F,0)),"" "",""""),""'"",""""),""("",""""),"")"","""")&""\""&INDEX(SPLIT($A$2,""_""),1)&""\""&INDEX(SPLIT($A$2,""_""),2)&""\""&SUBSTITUTE(SUBSTIT"&"UTE(SUBSTITUTE(SUBSTITUTE(SUBSTITUTE(INDEX(Hairstyles!$C:$C,MATCH($B44,Hairstyles!$F:$F,0)),"" "",""""),""'"",""""),""("",""""),"")"",""""),""-"",""_"")&""_""&$A$2)"),"Vanilla\Human\Male\Vanilla_Shaved1_Human_Male") -> Vanilla\Human\Male\Vanilla_Shaved1_Human_Male
B45: =IFERROR(__xludf.DUMMYFUNCTION("""COMPUTED_VALUE"""),"Uvi_Wig_Spell_VHRU_Shaved2") -> Uvi_Wig_Spell_VHRU_Shaved2 | C45: =IFERROR(__xludf.DUMMYFUNCTION("IF($B45="""","""",SUBSTITUTE(SUBSTITUTE(SUBSTITUTE(SUBSTITUTE(INDEX(Hairstyles!$A:$A,MATCH($B45,Hairstyles!$F:$F,0)),"" "",""""),""'"",""""),""("",""""),"")"","""")&""\""&INDEX(SPLIT($A$2,""_""),1)&""\""&INDEX(SPLIT($A$2,""_""),2)&""\""&SUBSTITUTE(SUBSTIT"&"UTE(SUBSTITUTE(SUBSTITUTE(SUBSTITUTE(INDEX(Hairstyles!$C:$C,MATCH($B45,Hairstyles!$F:$F,0)),"" "",""""),""'"",""""),""("",""""),"")"",""""),""-"",""_"")&""_""&$A$2)"),"Vanilla\Human\Male\Vanilla_Shaved2_Human_Male") -> Vanilla\Human\Male\Vanilla_Shaved2_Human_Male
B46: =IFERROR(__xludf.DUMMYFUNCTION("""COMPUTED_VALUE"""),"Uvi_Wig_Spell_VHRU_ShavedPonytailBandedLong") -> Uvi_Wig_Spell_VHRU_ShavedPonytailBandedLong | C46: =IFERROR(__xludf.DUMMYFUNCTION("IF($B46="""","""",SUBSTITUTE(SUBSTITUTE(SUBSTITUTE(SUBSTITUTE(INDEX(Hairstyles!$A:$A,MATCH($B46,Hairstyles!$F:$F,0)),"" "",""""),""'"",""""),""("",""""),"")"","""")&""\""&INDEX(SPLIT($A$2,""_""),1)&""\""&INDEX(SPLIT($A$2,""_""),2)&""\""&SUBSTITUTE(SUBSTIT"&"UTE(SUBSTITUTE(SUBSTITUTE(SUBSTITUTE(INDEX(Hairstyles!$C:$C,MATCH($B46,Hairstyles!$F:$F,0)),"" "",""""),""'"",""""),""("",""""),"")"",""""),""-"",""_"")&""_""&$A$2)"),"Vanilla\Human\Male\Vanilla_ShavedPonytailBandedLong_Human_Male") -> Vanilla\Human\Male\Vanilla_ShavedPonytailBandedLong_Human_Male
B47: =IFERROR(__xludf.DUMMYFUNCTION("""COMPUTED_VALUE"""),"Uvi_Wig_Spell_VHRU_ShavedPonytailBraid") -> Uvi_Wig_Spell_VHRU_ShavedPonytailBraid | C47: =IFERROR(__xludf.DUMMYFUNCTION("IF($B47="""","""",SUBSTITUTE(SUBSTITUTE(SUBSTITUTE(SUBSTITUTE(INDEX(Hairstyles!$A:$A,MATCH($B47,Hairstyles!$F:$F,0)),"" "",""""),""'"",""""),""("",""""),"")"","""")&""\""&INDEX(SPLIT($A$2,""_""),1)&""\""&INDEX(SPLIT($A$2,""_""),2)&""\""&SUBSTITUTE(SUBSTIT"&"UTE(SUBSTITUTE(SUBSTITUTE(SUBSTITUTE(INDEX(Hairstyles!$C:$C,MATCH($B47,Hairstyles!$F:$F,0)),"" "",""""),""'"",""""),""("",""""),"")"",""""),""-"",""_"")&""_""&$A$2)"),"Vanilla\Human\Male\Vanilla_ShavedPonytailBraid_Human_Male") -> Vanilla\Human\Male\Vanilla_ShavedPonytailBraid_Human_Male
B48: =IFERROR(__xludf.DUMMYFUNCTION("""COMPUTED_VALUE"""),"Uvi_Wig_Spell_VHRU_ShavedPonytailLong") -> Uvi_Wig_Spell_VHRU_ShavedPonytailLong | C48: =IFERROR(__xludf.DUMMYFUNCTION("IF($B48="""","""",SUBSTITUTE(SUBSTITUTE(SUBSTITUTE(SUBSTITUTE(INDEX(Hairstyles!$A:$A,MATCH($B48,Hairstyles!$F:$F,0)),"" "",""""),""'"",""""),""("",""""),"")"","""")&""\""&INDEX(SPLIT($A$2,""_""),1)&""\""&INDEX(SPLIT($A$2,""_""),2)&""\""&SUBSTITUTE(SUBSTIT"&"UTE(SUBSTITUTE(SUBSTITUTE(SUBSTITUTE(INDEX(Hairstyles!$C:$C,MATCH($B48,Hairstyles!$F:$F,0)),"" "",""""),""'"",""""),""("",""""),"")"",""""),""-"",""_"")&""_""&$A$2)"),"Vanilla\Human\Male\Vanilla_ShavedPonytailLong_Human_Male") -> Vanilla\Human\Male\Vanilla_ShavedPonytailLong_Human_Male
B49: =IFERROR(__xludf.DUMMYFUNCTION("""COMPUTED_VALUE"""),"Uvi_Wig_Spell_VHRU_ShavedPonytailMedium") -> Uvi_Wig_Spell_VHRU_ShavedPonytailMedium | C49: =IFERROR(__xludf.DUMMYFUNCTION("IF($B49="""","""",SUBSTITUTE(SUBSTITUTE(SUBSTITUTE(SUBSTITUTE(INDEX(Hairstyles!$A:$A,MATCH($B49,Hairstyles!$F:$F,0)),"" "",""""),""'"",""""),""("",""""),"")"","""")&""\""&INDEX(SPLIT($A$2,""_""),1)&""\""&INDEX(SPLIT($A$2,""_""),2)&""\""&SUBSTITUTE(SUBSTIT"&"UTE(SUBSTITUTE(SUBSTITUTE(SUBSTITUTE(INDEX(Hairstyles!$C:$C,MATCH($B49,Hairstyles!$F:$F,0)),"" "",""""),""'"",""""),""("",""""),"")"",""""),""-"",""_"")&""_""&$A$2)"),"Vanilla\Human\Male\Vanilla_ShavedPonytailMedium_Human_Male") -> Vanilla\Human\Male\Vanilla_ShavedPonytailMedium_Human_Male
B50: =IFERROR(__xludf.DUMMYFUNCTION("""COMPUTED_VALUE"""),"Uvi_Wig_Spell_VHRU_ShavedPonytailShort") -> Uvi_Wig_Spell_VHRU_ShavedPonytailShort | C50: =IFERROR(__xludf.DUMMYFUNCTION("IF($B50="""","""",SUBSTITUTE(SUBSTITUTE(SUBSTITUTE(SUBSTITUTE(INDEX(Hairstyles!$A:$A,MATCH($B50,Hairstyles!$F:$F,0)),"" "",""""),""'"",""""),""("",""""),"")"","""")&""\""&INDEX(SPLIT($A$2,""_""),1)&""\""&INDEX(SPLIT($A$2,""_""),2)&""\""&SUBSTITUTE(SUBSTIT"&"UTE(SUBSTITUTE(SUBSTITUTE(SUBSTITUTE(INDEX(Hairstyles!$C:$C,MATCH($B50,Hairstyles!$F:$F,0)),"" "",""""),""'"",""""),""("",""""),"")"",""""),""-"",""_"")&""_""&$A$2)"),"Vanilla\Human\Male\Vanilla_ShavedPonytailShort_Human_Male") -> Vanilla\Human\Male\Vanilla_ShavedPonytailShort_Human_Male
B51: =IFERROR(__xludf.DUMMYFUNCTION("""COMPUTED_VALUE"""),"Uvi_Wig_Spell_VHRU_ShavedTopPonytailLong") -> Uvi_Wig_Spell_VHRU_ShavedTopPonytailLong | C51: =IFERROR(__xludf.DUMMYFUNCTION("IF($B51="""","""",SUBSTITUTE(SUBSTITUTE(SUBSTITUTE(SUBSTITUTE(INDEX(Hairstyles!$A:$A,MATCH($B51,Hairstyles!$F:$F,0)),"" "",""""),""'"",""""),""("",""""),"")"","""")&""\""&INDEX(SPLIT($A$2,""_""),1)&""\""&INDEX(SPLIT($A$2,""_""),2)&""\""&SUBSTITUTE(SUBSTIT"&"UTE(SUBSTITUTE(SUBSTITUTE(SUBSTITUTE(INDEX(Hairstyles!$C:$C,MATCH($B51,Hairstyles!$F:$F,0)),"" "",""""),""'"",""""),""("",""""),"")"",""""),""-"",""_"")&""_""&$A$2)"),"Vanilla\Human\Male\Vanilla_ShavedTopPonytailLong_Human_Male") -> Vanilla\Human\Male\Vanilla_ShavedTopPonytailLong_Human_Male
B52: =IFERROR(__xludf.DUMMYFUNCTION("""COMPUTED_VALUE"""),"Uvi_Wig_Spell_VHRU_ShavedTopPonytailMedium") -> Uvi_Wig_Spell_VHRU_ShavedTopPonytailMedium | C52: =IFERROR(__xludf.DUMMYFUNCTION("IF($B52="""","""",SUBSTITUTE(SUBSTITUTE(SUBSTITUTE(SUBSTITUTE(INDEX(Hairstyles!$A:$A,MATCH($B52,Hairstyles!$F:$F,0)),"" "",""""),""'"",""""),""("",""""),"")"","""")&""\""&INDEX(SPLIT($A$2,""_""),1)&""\""&INDEX(SPLIT($A$2,""_""),2)&""\""&SUBSTITUTE(SUBSTIT"&"UTE(SUBSTITUTE(SUBSTITUTE(SUBSTITUTE(INDEX(Hairstyles!$C:$C,MATCH($B52,Hairstyles!$F:$F,0)),"" "",""""),""'"",""""),""("",""""),"")"",""""),""-"",""_"")&""_""&$A$2)"),"Vanilla\Human\Male\Vanilla_ShavedTopPonytailMedium_Human_Male") -> Vanilla\Human\Male\Vanilla_ShavedTopPonytailMedium_Human_Male
B53: =IFERROR(__xludf.DUMMYFUNCTION("""COMPUTED_VALUE"""),"Uvi_Wig_Spell_VHRU_ShavedTopPonytailShort") -> Uvi_Wig_Spell_VHRU_ShavedTopPonytailShort | C53: =IFERROR(__xludf.DUMMYFUNCTION("IF($B53="""","""",SUBSTITUTE(SUBSTITUTE(SUBSTITUTE(SUBSTITUTE(INDEX(Hairstyles!$A:$A,MATCH($B53,Hairstyles!$F:$F,0)),"" "",""""),""'"",""""),""("",""""),"")"","""")&""\""&INDEX(SPLIT($A$2,""_""),1)&""\""&INDEX(SPLIT($A$2,""_""),2)&""\""&SUBSTITUTE(SUBSTIT"&"UTE(SUBSTITUTE(SUBSTITUTE(SUBSTITUTE(INDEX(Hairstyles!$C:$C,MATCH($B53,Hairstyles!$F:$F,0)),"" "",""""),""'"",""""),""("",""""),"")"",""""),""-"",""_"")&""_""&$A$2)"),"Vanilla\Human\Male\Vanilla_ShavedTopPonytailShort_Human_Male") -> Vanilla\Human\Male\Vanilla_ShavedTopPonytailShort_Human_Male
B54: =IFERROR(__xludf.DUMMYFUNCTION("""COMPUTED_VALUE"""),"Uvi_Wig_Spell_VHRU_Short") -> Uvi_Wig_Spell_VHRU_Short | C54: =IFERROR(__xludf.DUMMYFUNCTION("IF($B54="""","""",SUBSTITUTE(SUBSTITUTE(SUBSTITUTE(SUBSTITUTE(INDEX(Hairstyles!$A:$A,MATCH($B54,Hairstyles!$F:$F,0)),"" "",""""),""'"",""""),""("",""""),"")"","""")&""\""&INDEX(SPLIT($A$2,""_""),1)&""\""&INDEX(SPLIT($A$2,""_""),2)&""\""&SUBSTITUTE(SUBSTIT"&"UTE(SUBSTITUTE(SUBSTITUTE(SUBSTITUTE(INDEX(Hairstyles!$C:$C,MATCH($B54,Hairstyles!$F:$F,0)),"" "",""""),""'"",""""),""("",""""),"")"",""""),""-"",""_"")&""_""&$A$2)"),"Vanilla\Human\Male\Vanilla_Short_Human_Male") -> Vanilla\Human\Male\Vanilla_Short_Human_Male
B55: =IFERROR(__xludf.DUMMYFUNCTION("""COMPUTED_VALUE"""),"Uvi_Wig_Spell_VHRU_ShortLoose") -> Uvi_Wig_Spell_VHRU_ShortLoose | C55: =IFERROR(__xludf.DUMMYFUNCTION("IF($B55="""","""",SUBSTITUTE(SUBSTITUTE(SUBSTITUTE(SUBSTITUTE(INDEX(Hairstyles!$A:$A,MATCH($B55,Hairstyles!$F:$F,0)),"" "",""""),""'"",""""),""("",""""),"")"","""")&""\""&INDEX(SPLIT($A$2,""_""),1)&""\""&INDEX(SPLIT($A$2,""_""),2)&""\""&SUBSTITUTE(SUBSTIT"&"UTE(SUBSTITUTE(SUBSTITUTE(SUBSTITUTE(INDEX(Hairstyles!$C:$C,MATCH($B55,Hairstyles!$F:$F,0)),"" "",""""),""'"",""""),""("",""""),"")"",""""),""-"",""_"")&""_""&$A$2)"),"Vanilla\Human\Male\Vanilla_ShortLoose_Human_Male") -> Vanilla\Human\Male\Vanilla_ShortLoose_Human_Male
B56: =IFERROR(__xludf.DUMMYFUNCTION("""COMPUTED_VALUE"""),"Uvi_Wig_Spell_VHRU_ShortLooseBraids") -> Uvi_Wig_Spell_VHRU_ShortLooseBraids | C56: =IFERROR(__xludf.DUMMYFUNCTION("IF($B56="""","""",SUBSTITUTE(SUBSTITUTE(SUBSTITUTE(SUBSTITUTE(INDEX(Hairstyles!$A:$A,MATCH($B56,Hairstyles!$F:$F,0)),"" "",""""),""'"",""""),""("",""""),"")"","""")&""\""&INDEX(SPLIT($A$2,""_""),1)&""\""&INDEX(SPLIT($A$2,""_""),2)&""\""&SUBSTITUTE(SUBSTIT"&"UTE(SUBSTITUTE(SUBSTITUTE(SUBSTITUTE(INDEX(Hairstyles!$C:$C,MATCH($B56,Hairstyles!$F:$F,0)),"" "",""""),""'"",""""),""("",""""),"")"",""""),""-"",""_"")&""_""&$A$2)"),"Vanilla\Human\Male\Vanilla_ShortLooseBraids_Human_Male") -> Vanilla\Human\Male\Vanilla_ShortLooseBraids_Human_Male
B57: =IFERROR(__xludf.DUMMYFUNCTION("""COMPUTED_VALUE"""),"Uvi_Wig_Spell_VHRU_SidecutLong") -> Uvi_Wig_Spell_VHRU_SidecutLong | C57: =IFERROR(__xludf.DUMMYFUNCTION("IF($B57="""","""",SUBSTITUTE(SUBSTITUTE(SUBSTITUTE(SUBSTITUTE(INDEX(Hairstyles!$A:$A,MATCH($B57,Hairstyles!$F:$F,0)),"" "",""""),""'"",""""),""("",""""),"")"","""")&""\""&INDEX(SPLIT($A$2,""_""),1)&""\""&INDEX(SPLIT($A$2,""_""),2)&""\""&SUBSTITUTE(SUBSTIT"&"UTE(SUBSTITUTE(SUBSTITUTE(SUBSTITUTE(INDEX(Hairstyles!$C:$C,MATCH($B57,Hairstyles!$F:$F,0)),"" "",""""),""'"",""""),""("",""""),"")"",""""),""-"",""_"")&""_""&$A$2)"),"Vanilla\Human\Male\Vanilla_SidecutLong_Human_Male") -> Vanilla\Human\Male\Vanilla_SidecutLong_Human_Male
B58: =IFERROR(__xludf.DUMMYFUNCTION("""COMPUTED_VALUE"""),"Uvi_Wig_Spell_VHRU_SlickedBackLongSideBraid") -> Uvi_Wig_Spell_VHRU_SlickedBackLongSideBraid | C58: =IFERROR(__xludf.DUMMYFUNCTION("IF($B58="""","""",SUBSTITUTE(SUBSTITUTE(SUBSTITUTE(SUBSTITUTE(INDEX(Hairstyles!$A:$A,MATCH($B58,Hairstyles!$F:$F,0)),"" "",""""),""'"",""""),""("",""""),"")"","""")&""\""&INDEX(SPLIT($A$2,""_""),1)&""\""&INDEX(SPLIT($A$2,""_""),2)&""\""&SUBSTITUTE(SUBSTIT"&"UTE(SUBSTITUTE(SUBSTITUTE(SUBSTITUTE(INDEX(Hairstyles!$C:$C,MATCH($B58,Hairstyles!$F:$F,0)),"" "",""""),""'"",""""),""("",""""),"")"",""""),""-"",""_"")&""_""&$A$2)"),"Vanilla\Human\Male\Vanilla_SlickedBackLongSideBraid_Human_Male") -> Vanilla\Human\Male\Vanilla_SlickedBackLongSideBraid_Human_Male
B59: =IFERROR(__xludf.DUMMYFUNCTION("""COMPUTED_VALUE"""),"Uvi_Wig_Spell_VHRU_SlickedBackShort") -> Uvi_Wig_Spell_VHRU_SlickedBackShort | C59: =IFERROR(__xludf.DUMMYFUNCTION("IF($B59="""","""",SUBSTITUTE(SUBSTITUTE(SUBSTITUTE(SUBSTITUTE(INDEX(Hairstyles!$A:$A,MATCH($B59,Hairstyles!$F:$F,0)),"" "",""""),""'"",""""),""("",""""),"")"","""")&""\""&INDEX(SPLIT($A$2,""_""),1)&""\""&INDEX(SPLIT($A$2,""_""),2)&""\""&SUBSTITUTE(SUBSTIT"&"UTE(SUBSTITUTE(SUBSTITUTE(SUBSTITUTE(INDEX(Hairstyles!$C:$C,MATCH($B59,Hairstyles!$F:$F,0)),"" "",""""),""'"",""""),""("",""""),"")"",""""),""-"",""_"")&""_""&$A$2)"),"Vanilla\Human\Male\Vanilla_SlickedBackShort_Human_Male") -> Vanilla\Human\Male\Vanilla_SlickedBackShort_Human_Male
B60: =IFERROR(__xludf.DUMMYFUNCTION("""COMPUTED_VALUE"""),"Uvi_Wig_Spell_VHRU_SlickedBackSideBraids") -> Uvi_Wig_Spell_VHRU_SlickedBackSideBraids | C60: =IFERROR(__xludf.DUMMYFUNCTION("IF($B60="""","""",SUBSTITUTE(SUBSTITUTE(SUBSTITUTE(SUBSTITUTE(INDEX(Hairstyles!$A:$A,MATCH($B60,Hairstyles!$F:$F,0)),"" "",""""),""'"",""""),""("",""""),"")"","""")&""\""&INDEX(SPLIT($A$2,""_""),1)&""\""&INDEX(SPLIT($A$2,""_""),2)&""\""&SUBSTITUTE(SUBSTIT"&"UTE(SUBSTITUTE(SUBSTITUTE(SUBSTITUTE(INDEX(Hairstyles!$C:$C,MATCH($B60,Hairstyles!$F:$F,0)),"" "",""""),""'"",""""),""("",""""),"")"",""""),""-"",""_"")&""_""&$A$2)"),"Vanilla\Human\Male\Vanilla_SlickedBackSideBraids_Human_Male") -> Vanilla\Human\Male\Vanilla_SlickedBackSideBraids_Human_Male
B61: =IFERROR(__xludf.DUMMYFUNCTION("""COMPUTED_VALUE"""),"Uvi_Wig_Spell_VHRU_SpaceBunsLoose") -> Uvi_Wig_Spell_VHRU_SpaceBunsLoose | C61: =IFERROR(__xludf.DUMMYFUNCTION("IF($B61="""","""",SUBSTITUTE(SUBSTITUTE(SUBSTITUTE(SUBSTITUTE(INDEX(Hairstyles!$A:$A,MATCH($B61,Hairstyles!$F:$F,0)),"" "",""""),""'"",""""),""("",""""),"")"","""")&""\""&INDEX(SPLIT($A$2,""_""),1)&""\""&INDEX(SPLIT($A$2,""_""),2)&""\""&SUBSTITUTE(SUBSTIT"&"UTE(SUBSTITUTE(SUBSTITUTE(SUBSTITUTE(INDEX(Hairstyles!$C:$C,MATCH($B61,Hairstyles!$F:$F,0)),"" "",""""),""'"",""""),""("",""""),"")"",""""),""-"",""_"")&""_""&$A$2)"),"Vanilla\Human\Male\Vanilla_SpaceBunsLoose_Human_Male") -> Vanilla\Human\Male\Vanilla_SpaceBunsLoose_Human_Male
B62: =IFERROR(__xludf.DUMMYFUNCTION("""COMPUTED_VALUE"""),"Uvi_Wig_Spell_VHRU_SpaceBunsTight") -> Uvi_Wig_Spell_VHRU_SpaceBunsTight | C62: =IFERROR(__xludf.DUMMYFUNCTION("IF($B62="""","""",SUBSTITUTE(SUBSTITUTE(SUBSTITUTE(SUBSTITUTE(INDEX(Hairstyles!$A:$A,MATCH($B62,Hairstyles!$F:$F,0)),"" "",""""),""'"",""""),""("",""""),"")"","""")&""\""&INDEX(SPLIT($A$2,""_""),1)&""\""&INDEX(SPLIT($A$2,""_""),2)&""\""&SUBSTITUTE(SUBSTIT"&"UTE(SUBSTITUTE(SUBSTITUTE(SUBSTITUTE(INDEX(Hairstyles!$C:$C,MATCH($B62,Hairstyles!$F:$F,0)),"" "",""""),""'"",""""),""("",""""),"")"",""""),""-"",""_"")&""_""&$A$2)"),"Vanilla\Human\Male\Vanilla_SpaceBunsTight_Human_Male") -> Vanilla\Human\Male\Vanilla_SpaceBunsTight_Human_Male
B63: =IFERROR(__xludf.DUMMYFUNCTION("""COMPUTED_VALUE"""),"Uvi_Wig_Spell_VHRU_StraightLong") -> Uvi_Wig_Spell_VHRU_StraightLong | C63: =IFERROR(__xludf.DUMMYFUNCTION("IF($B63="""","""",SUBSTITUTE(SUBSTITUTE(SUBSTITUTE(SUBSTITUTE(INDEX(Hairstyles!$A:$A,MATCH($B63,Hairstyles!$F:$F,0)),"" "",""""),""'"",""""),""("",""""),"")"","""")&""\""&INDEX(SPLIT($A$2,""_""),1)&""\""&INDEX(SPLIT($A$2,""_""),2)&""\""&SUBSTITUTE(SUBSTIT"&"UTE(SUBSTITUTE(SUBSTITUTE(SUBSTITUTE(INDEX(Hairstyles!$C:$C,MATCH($B63,Hairstyles!$F:$F,0)),"" "",""""),""'"",""""),""("",""""),"")"",""""),""-"",""_"")&""_""&$A$2)"),"Vanilla\Human\Male\Vanilla_StraightLong_Human_Male") -> Vanilla\Human\Male\Vanilla_StraightLong_Human_Male
B64: =IFERROR(__xludf.DUMMYFUNCTION("""COMPUTED_VALUE"""),"Uvi_Wig_Spell_VHRU_StraightLongBraid") -> Uvi_Wig_Spell_VHRU_StraightLongBraid | C64: =IFERROR(__xludf.DUMMYFUNCTION("IF($B64="""","""",SUBSTITUTE(SUBSTITUTE(SUBSTITUTE(SUBSTITUTE(INDEX(Hairstyles!$A:$A,MATCH($B64,Hairstyles!$F:$F,0)),"" "",""""),""'"",""""),""("",""""),"")"","""")&""\""&INDEX(SPLIT($A$2,""_""),1)&""\""&INDEX(SPLIT($A$2,""_""),2)&""\""&SUBSTITUTE(SUBSTIT"&"UTE(SUBSTITUTE(SUBSTITUTE(SUBSTITUTE(INDEX(Hairstyles!$C:$C,MATCH($B64,Hairstyles!$F:$F,0)),"" "",""""),""'"",""""),""("",""""),"")"",""""),""-"",""_"")&""_""&$A$2)"),"Vanilla\Human\Male\Vanilla_StraightLongBraid_Human_Male") -> Vanilla\Human\Male\Vanilla_StraightLongBraid_Human_Male
B65: =IFERROR(__xludf.DUMMYFUNCTION("""COMPUTED_VALUE"""),"Uvi_Wig_Spell_VHRU_StraightLongScraggly") -> Uvi_Wig_Spell_VHRU_StraightLongScraggly | C65: =IFERROR(__xludf.DUMMYFUNCTION("IF($B65="""","""",SUBSTITUTE(SUBSTITUTE(SUBSTITUTE(SUBSTITUTE(INDEX(Hairstyles!$A:$A,MATCH($B65,Hairstyles!$F:$F,0)),"" "",""""),""'"",""""),""("",""""),"")"","""")&""\""&INDEX(SPLIT($A$2,""_""),1)&""\""&INDEX(SPLIT($A$2,""_""),2)&""\""&SUBSTITUTE(SUBSTIT"&"UTE(SUBSTITUTE(SUBSTITUTE(SUBSTITUTE(INDEX(Hairstyles!$C:$C,MATCH($B65,Hairstyles!$F:$F,0)),"" "",""""),""'"",""""),""("",""""),"")"",""""),""-"",""_"")&""_""&$A$2)"),"Vanilla\Human\Male\Vanilla_StraightLongScraggly_Human_Male") -> Vanilla\Human\Male\Vanilla_StraightLongScraggly_Human_Male
B66: =IFERROR(__xludf.DUMMYFUNCTION("""COMPUTED_VALUE"""),"Uvi_Wig_Spell_VHRU_StraightMedium") -> Uvi_Wig_Spell_VHRU_StraightMedium | C66: =IFERROR(__xludf.DUMMYFUNCTION("IF($B66="""","""",SUBSTITUTE(SUBSTITUTE(SUBSTITUTE(SUBSTITUTE(INDEX(Hairstyles!$A:$A,MATCH($B66,Hairstyles!$F:$F,0)),"" "",""""),""'"",""""),""("",""""),"")"","""")&""\""&INDEX(SPLIT($A$2,""_""),1)&""\""&INDEX(SPLIT($A$2,""_""),2)&""\""&SUBSTITUTE(SUBSTIT"&"UTE(SUBSTITUTE(SUBSTITUTE(SUBSTITUTE(INDEX(Hairstyles!$C:$C,MATCH($B66,Hairstyles!$F:$F,0)),"" "",""""),""'"",""""),""("",""""),"")"",""""),""-"",""_"")&""_""&$A$2)"),"Vanilla\Human\Male\Vanilla_StraightMedium_Human_Male") -> Vanilla\Human\Male\Vanilla_StraightMedium_Human_Male
B67: =IFERROR(__xludf.DUMMYFUNCTION("""COMPUTED_VALUE"""),"Uvi_Wig_Spell_VHRU_StraightBehindEars") -> Uvi_Wig_Spell_VHRU_StraightBehindEars | C67: =IFERROR(__xludf.DUMMYFUNCTION("IF($B67="""","""",SUBSTITUTE(SUBSTITUTE(SUBSTITUTE(SUBSTITUTE(INDEX(Hairstyles!$A:$A,MATCH($B67,Hairstyles!$F:$F,0)),"" "",""""),""'"",""""),""("",""""),"")"","""")&""\""&INDEX(SPLIT($A$2,""_""),1)&""\""&INDEX(SPLIT($A$2,""_""),2)&""\""&SUBSTITUTE(SUBSTIT"&"UTE(SUBSTITUTE(SUBSTITUTE(SUBSTITUTE(INDEX(Hairstyles!$C:$C,MATCH($B67,Hairstyles!$F:$F,0)),"" "",""""),""'"",""""),""("",""""),"")"",""""),""-"",""_"")&""_""&$A$2)"),"Vanilla\Human\Male\Vanilla_StraightBehindEars_Human_Male") -> Vanilla\Human\Male\Vanilla_StraightBehindEars_Human_Male
B68: =IFERROR(__xludf.DUMMYFUNCTION("""COMPUTED_VALUE"""),"Uvi_Wig_Spell_VHRU_StraightBehindLeftEar") -> Uvi_Wig_Spell_VHRU_StraightBehindLeftEar | C68: =IFERROR(__xludf.DUMMYFUNCTION("IF($B68="""","""",SUBSTITUTE(SUBSTITUTE(SUBSTITUTE(SUBSTITUTE(INDEX(Hairstyles!$A:$A,MATCH($B68,Hairstyles!$F:$F,0)),"" "",""""),""'"",""""),""("",""""),"")"","""")&""\""&INDEX(SPLIT($A$2,""_""),1)&""\""&INDEX(SPLIT($A$2,""_""),2)&""\""&SUBSTITUTE(SUBSTIT"&"UTE(SUBSTITUTE(SUBSTITUTE(SUBSTITUTE(INDEX(Hairstyles!$C:$C,MATCH($B68,Hairstyles!$F:$F,0)),"" "",""""),""'"",""""),""("",""""),"")"",""""),""-"",""_"")&""_""&$A$2)"),"Vanilla\Human\Male\Vanilla_StraightBehindLeftEar_Human_Male") -> Vanilla\Human\Male\Vanilla_StraightBehindLeftEar_Human_Male
B69: =IFERROR(__xludf.DUMMYFUNCTION("""COMPUTED_VALUE"""),"Uvi_Wig_Spell_VHRU_TopTiedBackSideBraids") -> Uvi_Wig_Spell_VHRU_TopTiedBackSideBraids | C69: =IFERROR(__xludf.DUMMYFUNCTION("IF($B69="""","""",SUBSTITUTE(SUBSTITUTE(SUBSTITUTE(SUBSTITUTE(INDEX(Hairstyles!$A:$A,MATCH($B69,Hairstyles!$F:$F,0)),"" "",""""),""'"",""""),""("",""""),"")"","""")&""\""&INDEX(SPLIT($A$2,""_""),1)&""\""&INDEX(SPLIT($A$2,""_""),2)&""\""&SUBSTITUTE(SUBSTIT"&"UTE(SUBSTITUTE(SUBSTITUTE(SUBSTITUTE(INDEX(Hairstyles!$C:$C,MATCH($B69,Hairstyles!$F:$F,0)),"" "",""""),""'"",""""),""("",""""),"")"",""""),""-"",""_"")&""_""&$A$2)"),"Vanilla\Human\Male\Vanilla_TopTiedBackSideBraids_Human_Male") -> Vanilla\Human\Male\Vanilla_TopTiedBackSideBraids_Human_Male
B70: =IFERROR(__xludf.DUMMYFUNCTION("""COMPUTED_VALUE"""),"Uvi_Wig_Spell_VHRU_UndercutPonytailBanded") -> Uvi_Wig_Spell_VHRU_UndercutPonytailBanded | C70: =IFERROR(__xludf.DUMMYFUNCTION("IF($B70="""","""",SUBSTITUTE(SUBSTITUTE(SUBSTITUTE(SUBSTITUTE(INDEX(Hairstyles!$A:$A,MATCH($B70,Hairstyles!$F:$F,0)),"" "",""""),""'"",""""),""("",""""),"")"","""")&""\""&INDEX(SPLIT($A$2,""_""),1)&""\""&INDEX(SPLIT($A$2,""_""),2)&""\""&SUBSTITUTE(SUBSTIT"&"UTE(SUBSTITUTE(SUBSTITUTE(SUBSTITUTE(INDEX(Hairstyles!$C:$C,MATCH($B70,Hairstyles!$F:$F,0)),"" "",""""),""'"",""""),""("",""""),"")"",""""),""-"",""_"")&""_""&$A$2)"),"Vanilla\Human\Male\Vanilla_UndercutPonytailBanded_Human_Male") -> Vanilla\Human\Male\Vanilla_UndercutPonytailBanded_Human_Male
B71: =IFERROR(__xludf.DUMMYFUNCTION("""COMPUTED_VALUE"""),"Uvi_Wig_Spell_VHRU_UndercutPonytailHigh") -> Uvi_Wig_Spell_VHRU_UndercutPonytailHigh | C71: =IFERROR(__xludf.DUMMYFUNCTION("IF($B71="""","""",SUBSTITUTE(SUBSTITUTE(SUBSTITUTE(SUBSTITUTE(INDEX(Hairstyles!$A:$A,MATCH($B71,Hairstyles!$F:$F,0)),"" "",""""),""'"",""""),""("",""""),"")"","""")&""\""&INDEX(SPLIT($A$2,""_""),1)&""\""&INDEX(SPLIT($A$2,""_""),2)&""\""&SUBSTITUTE(SUBSTIT"&"UTE(SUBSTITUTE(SUBSTITUTE(SUBSTITUTE(INDEX(Hairstyles!$C:$C,MATCH($B71,Hairstyles!$F:$F,0)),"" "",""""),""'"",""""),""("",""""),"")"",""""),""-"",""_"")&""_""&$A$2)"),"Vanilla\Human\Male\Vanilla_UndercutPonytailHigh_Human_Male") -> Vanilla\Human\Male\Vanilla_UndercutPonytailHigh_Human_Male
B72: =IFERROR(__xludf.DUMMYFUNCTION("""COMPUTED_VALUE"""),"Uvi_Wig_Spell_VHRU_UndercutPonytailLong") -> Uvi_Wig_Spell_VHRU_UndercutPonytailLong | C72: =IFERROR(__xludf.DUMMYFUNCTION("IF($B72="""","""",SUBSTITUTE(SUBSTITUTE(SUBSTITUTE(SUBSTITUTE(INDEX(Hairstyles!$A:$A,MATCH($B72,Hairstyles!$F:$F,0)),"" "",""""),""'"",""""),""("",""""),"")"","""")&""\""&INDEX(SPLIT($A$2,""_""),1)&""\""&INDEX(SPLIT($A$2,""_""),2)&""\""&SUBSTITUTE(SUBSTIT"&"UTE(SUBSTITUTE(SUBSTITUTE(SUBSTITUTE(INDEX(Hairstyles!$C:$C,MATCH($B72,Hairstyles!$F:$F,0)),"" "",""""),""'"",""""),""("",""""),"")"",""""),""-"",""_"")&""_""&$A$2)"),"Vanilla\Human\Male\Vanilla_UndercutPonytailLong_Human_Male") -> Vanilla\Human\Male\Vanilla_UndercutPonytailLong_Human_Male
B73: =IFERROR(__xludf.DUMMYFUNCTION("""COMPUTED_VALUE"""),"Uvi_Wig_Spell_VHRU_UndercutPonytailMedium") -> Uvi_Wig_Spell_VHRU_UndercutPonytailMedium | C73: =IFERROR(__xludf.DUMMYFUNCTION("IF($B73="""","""",SUBSTITUTE(SUBSTITUTE(SUBSTITUTE(SUBSTITUTE(INDEX(Hairstyles!$A:$A,MATCH($B73,Hairstyles!$F:$F,0)),"" "",""""),""'"",""""),""("",""""),"")"","""")&""\""&INDEX(SPLIT($A$2,""_""),1)&""\""&INDEX(SPLIT($A$2,""_""),2)&""\""&SUBSTITUTE(SUBSTIT"&"UTE(SUBSTITUTE(SUBSTITUTE(SUBSTITUTE(INDEX(Hairstyles!$C:$C,MATCH($B73,Hairstyles!$F:$F,0)),"" "",""""),""'"",""""),""("",""""),"")"",""""),""-"",""_"")&""_""&$A$2)"),"Vanilla\Human\Male\Vanilla_UndercutPonytailMedium_Human_Male") -> Vanilla\Human\Male\Vanilla_UndercutPonytailMedium_Human_Male
B74: =IFERROR(__xludf.DUMMYFUNCTION("""COMPUTED_VALUE"""),"Uvi_Wig_Spell_VHRU_UndercutPonytailReceding") -> Uvi_Wig_Spell_VHRU_UndercutPonytailReceding | C74: =IFERROR(__xludf.DUMMYFUNCTION("IF($B74="""","""",SUBSTITUTE(SUBSTITUTE(SUBSTITUTE(SUBSTITUTE(INDEX(Hairstyles!$A:$A,MATCH($B74,Hairstyles!$F:$F,0)),"" "",""""),""'"",""""),""("",""""),"")"","""")&""\""&INDEX(SPLIT($A$2,""_""),1)&""\""&INDEX(SPLIT($A$2,""_""),2)&""\""&SUBSTITUTE(SUBSTIT"&"UTE(SUBSTITUTE(SUBSTITUTE(SUBSTITUTE(INDEX(Hairstyles!$C:$C,MATCH($B74,Hairstyles!$F:$F,0)),"" "",""""),""'"",""""),""("",""""),"")"",""""),""-"",""_"")&""_""&$A$2)"),"Vanilla\Human\Male\Vanilla_UndercutPonytailReceding_Human_Male") -> Vanilla\Human\Male\Vanilla_UndercutPonytailReceding_Human_Male
B75: =IFERROR(__xludf.DUMMYFUNCTION("""COMPUTED_VALUE"""),"Uvi_Wig_Spell_VHRU_UndercutPonytailShort") -> Uvi_Wig_Spell_VHRU_UndercutPonytailShort | C75: =IFERROR(__xludf.DUMMYFUNCTION("IF($B75="""","""",SUBSTITUTE(SUBSTITUTE(SUBSTITUTE(SUBSTITUTE(INDEX(Hairstyles!$A:$A,MATCH($B75,Hairstyles!$F:$F,0)),"" "",""""),""'"",""""),""("",""""),"")"","""")&""\""&INDEX(SPLIT($A$2,""_""),1)&""\""&INDEX(SPLIT($A$2,""_""),2)&""\""&SUBSTITUTE(SUBSTIT"&"UTE(SUBSTITUTE(SUBSTITUTE(SUBSTITUTE(INDEX(Hairstyles!$C:$C,MATCH($B75,Hairstyles!$F:$F,0)),"" "",""""),""'"",""""),""("",""""),"")"",""""),""-"",""_"")&""_""&$A$2)"),"Vanilla\Human\Male\Vanilla_UndercutPonytailShort_Human_Male") -> Vanilla\Human\Male\Vanilla_UndercutPonytailShort_Human_Male
B76: =IFERROR(__xludf.DUMMYFUNCTION("""COMPUTED_VALUE"""),"Uvi_Wig_Spell_VHRU_WidowsPeakLong") -> Uvi_Wig_Spell_VHRU_WidowsPeakLong | C76: =IFERROR(__xludf.DUMMYFUNCTION("IF($B76="""","""",SUBSTITUTE(SUBSTITUTE(SUBSTITUTE(SUBSTITUTE(INDEX(Hairstyles!$A:$A,MATCH($B76,Hairstyles!$F:$F,0)),"" "",""""),""'"",""""),""("",""""),"")"","""")&""\""&INDEX(SPLIT($A$2,""_""),1)&""\""&INDEX(SPLIT($A$2,""_""),2)&""\""&SUBSTITUTE(SUBSTIT"&"UTE(SUBSTITUTE(SUBSTITUTE(SUBSTITUTE(INDEX(Hairstyles!$C:$C,MATCH($B76,Hairstyles!$F:$F,0)),"" "",""""),""'"",""""),""("",""""),"")"",""""),""-"",""_"")&""_""&$A$2)"),"Vanilla\Human\Male\Vanilla_WidowsPeakLong_Human_Male") -> Vanilla\Human\Male\Vanilla_WidowsPeakLong_Human_Male
B77: =IFERROR(__xludf.DUMMYFUNCTION("""COMPUTED_VALUE"""),"Uvi_Wig_Spell_VHRU_WidowsPeakShort") -> Uvi_Wig_Spell_VHRU_WidowsPeakShort | C77: =IFERROR(__xludf.DUMMYFUNCTION("IF($B77="""","""",SUBSTITUTE(SUBSTITUTE(SUBSTITUTE(SUBSTITUTE(INDEX(Hairstyles!$A:$A,MATCH($B77,Hairstyles!$F:$F,0)),"" "",""""),""'"",""""),""("",""""),"")"","""")&""\""&INDEX(SPLIT($A$2,""_""),1)&""\""&INDEX(SPLIT($A$2,""_""),2)&""\""&SUBSTITUTE(SUBSTIT"&"UTE(SUBSTITUTE(SUBSTITUTE(SUBSTITUTE(INDEX(Hairstyles!$C:$C,MATCH($B77,Hairstyles!$F:$F,0)),"" "",""""),""'"",""""),""("",""""),"")"",""""),""-"",""_"")&""_""&$A$2)"),"Vanilla\Human\Male\Vanilla_WidowsPeakShort_Human_Male") -> Vanilla\Human\Male\Vanilla_WidowsPeakShort_Human_Male
B78: =IFERROR(__xludf.DUMMYFUNCTION("""COMPUTED_VALUE"""),"Uvi_Wig_Spell_VHRU_WidowsPeakWindswept") -> Uvi_Wig_Spell_VHRU_WidowsPeakWindswept | C78: =IFERROR(__xludf.DUMMYFUNCTION("IF($B78="""","""",SUBSTITUTE(SUBSTITUTE(SUBSTITUTE(SUBSTITUTE(INDEX(Hairstyles!$A:$A,MATCH($B78,Hairstyles!$F:$F,0)),"" "",""""),""'"",""""),""("",""""),"")"","""")&""\""&INDEX(SPLIT($A$2,""_""),1)&""\""&INDEX(SPLIT($A$2,""_""),2)&""\""&SUBSTITUTE(SUBSTIT"&"UTE(SUBSTITUTE(SUBSTITUTE(SUBSTITUTE(INDEX(Hairstyles!$C:$C,MATCH($B78,Hairstyles!$F:$F,0)),"" "",""""),""'"",""""),""("",""""),"")"",""""),""-"",""_"")&""_""&$A$2)"),"Vanilla\Human\Male\Vanilla_WidowsPeakWindswept_Human_Male") -> Vanilla\Human\Male\Vanilla_WidowsPeakWindswept_Human_Male
B79: =IFERROR(__xludf.DUMMYFUNCTION("""COMPUTED_VALUE"""),"Uvi_Wig_Spell_Dint02_03") -> Uvi_Wig_Spell_Dint02_03 | C79: =IFERROR(__xludf.DUMMYFUNCTION("IF($B79="""","""",SUBSTITUTE(SUBSTITUTE(SUBSTITUTE(SUBSTITUTE(INDEX(Hairstyles!$A:$A,MATCH($B79,Hairstyles!$F:$F,0)),"" "",""""),""'"",""""),""("",""""),"")"","""")&""\""&INDEX(SPLIT($A$2,""_""),1)&""\""&INDEX(SPLIT($A$2,""_""),2)&""\""&SUBSTITUTE(SUBSTIT"&"UTE(SUBSTITUTE(SUBSTITUTE(SUBSTITUTE(INDEX(Hairstyles!$C:$C,MATCH($B79,Hairstyles!$F:$F,0)),"" "",""""),""'"",""""),""("",""""),"")"",""""),""-"",""_"")&""_""&$A$2)"),"DintHairPack02\Human\Male\DintHairPack02_3_Human_Male") -> DintHairPack02\Human\Male\DintHairPack02_3_Human_Male
B80: =IFERROR(__xludf.DUMMYFUNCTION("""COMPUTED_VALUE"""),"Uvi_Wig_Spell_Dint02_04") -> Uvi_Wig_Spell_Dint02_04 | C80: =IFERROR(__xludf.DUMMYFUNCTION("IF($B80="""","""",SUBSTITUTE(SUBSTITUTE(SUBSTITUTE(SUBSTITUTE(INDEX(Hairstyles!$A:$A,MATCH($B80,Hairstyles!$F:$F,0)),"" "",""""),""'"",""""),""("",""""),"")"","""")&""\""&INDEX(SPLIT($A$2,""_""),1)&""\""&INDEX(SPLIT($A$2,""_""),2)&""\""&SUBSTITUTE(SUBSTIT"&"UTE(SUBSTITUTE(SUBSTITUTE(SUBSTITUTE(INDEX(Hairstyles!$C:$C,MATCH($B80,Hairstyles!$F:$F,0)),"" "",""""),""'"",""""),""("",""""),"")"",""""),""-"",""_"")&""_""&$A$2)"),"DintHairPack02\Human\Male\DintHairPack02_4_Human_Male") -> DintHairPack02\Human\Male\DintHairPack02_4_Human_Male
B81: =IFERROR(__xludf.DUMMYFUNCTION("""COMPUTED_VALUE"""),"Uvi_Wig_Spell_Dint02_05") -> Uvi_Wig_Spell_Dint02_05 | C81: =IFERROR(__xludf.DUMMYFUNCTION("IF($B81="""","""",SUBSTITUTE(SUBSTITUTE(SUBSTITUTE(SUBSTITUTE(INDEX(Hairstyles!$A:$A,MATCH($B81,Hairstyles!$F:$F,0)),"" "",""""),""'"",""""),""("",""""),"")"","""")&""\""&INDEX(SPLIT($A$2,""_""),1)&""\""&INDEX(SPLIT($A$2,""_""),2)&""\""&SUBSTITUTE(SUBSTIT"&"UTE(SUBSTITUTE(SUBSTITUTE(SUBSTITUTE(INDEX(Hairstyles!$C:$C,MATCH($B81,Hairstyles!$F:$F,0)),"" "",""""),""'"",""""),""("",""""),"")"",""""),""-"",""_"")&""_""&$A$2)"),"DintHairPack02\Human\Male\DintHairPack02_5_Human_Male") -> DintHairPack02\Human\Male\DintHairPack02_5_Human_Male
B82: =IFERROR(__xludf.DUMMYFUNCTION("""COMPUTED_VALUE"""),"Uvi_Wig_Spell_Dint02_06") -> Uvi_Wig_Spell_Dint02_06 | C82: =IFERROR(__xludf.DUMMYFUNCTION("IF($B82="""","""",SUBSTITUTE(SUBSTITUTE(SUBSTITUTE(SUBSTITUTE(INDEX(Hairstyles!$A:$A,MATCH($B82,Hairstyles!$F:$F,0)),"" "",""""),""'"",""""),""("",""""),"")"","""")&""\""&INDEX(SPLIT($A$2,""_""),1)&""\""&INDEX(SPLIT($A$2,""_""),2)&""\""&SUBSTITUTE(SUBSTIT"&"UTE(SUBSTITUTE(SUBSTITUTE(SUBSTITUTE(INDEX(Hairstyles!$C:$C,MATCH($B82,Hairstyles!$F:$F,0)),"" "",""""),""'"",""""),""("",""""),"")"",""""),""-"",""_"")&""_""&$A$2)"),"DintHairPack02\Human\Male\DintHairPack02_6_Human_Male") -> DintHairPack02\Human\Male\DintHairPack02_6_Human_Male
B83: =IFERROR(__xludf.DUMMYFUNCTION("""COMPUTED_VALUE"""),"Uvi_Wig_Spell_Dint02_08") -> Uvi_Wig_Spell_Dint02_08 | C83: =IFERROR(__xludf.DUMMYFUNCTION("IF($B83="""","""",SUBSTITUTE(SUBSTITUTE(SUBSTITUTE(SUBSTITUTE(INDEX(Hairstyles!$A:$A,MATCH($B83,Hairstyles!$F:$F,0)),"" "",""""),""'"",""""),""("",""""),"")"","""")&""\""&INDEX(SPLIT($A$2,""_""),1)&""\""&INDEX(SPLIT($A$2,""_""),2)&""\""&SUBSTITUTE(SUBSTIT"&"UTE(SUBSTITUTE(SUBSTITUTE(SUBSTITUTE(INDEX(Hairstyles!$C:$C,MATCH($B83,Hairstyles!$F:$F,0)),"" "",""""),""'"",""""),""("",""""),"")"",""""),""-"",""_"")&""_""&$A$2)"),"DintHairPack02\Human\Male\DintHairPack02_8_Human_Male") -> DintHairPack02\Human\Male\DintHairPack02_8_Human_Male
B84: =IFERROR(__xludf.DUMMYFUNCTION("""COMPUTED_VALUE"""),"Uvi_Wig_Spell_Dint02_10") -> Uvi_Wig_Spell_Dint02_10 | C84: =IFERROR(__xludf.DUMMYFUNCTION("IF($B84="""","""",SUBSTITUTE(SUBSTITUTE(SUBSTITUTE(SUBSTITUTE(INDEX(Hairstyles!$A:$A,MATCH($B84,Hairstyles!$F:$F,0)),"" "",""""),""'"",""""),""("",""""),"")"","""")&""\""&INDEX(SPLIT($A$2,""_""),1)&""\""&INDEX(SPLIT($A$2,""_""),2)&""\""&SUBSTITUTE(SUBSTIT"&"UTE(SUBSTITUTE(SUBSTITUTE(SUBSTITUTE(INDEX(Hairstyles!$C:$C,MATCH($B84,Hairstyles!$F:$F,0)),"" "",""""),""'"",""""),""("",""""),"")"",""""),""-"",""_"")&""_""&$A$2)"),"DintHairPack02\Human\Male\DintHairPack02_10_Human_Male") -> DintHairPack02\Human\Male\DintHairPack02_10_Human_Male
B85: =IFERROR(__xludf.DUMMYFUNCTION("""COMPUTED_VALUE"""),"Uvi_Wig_Spell_Dint02_15") -> Uvi_Wig_Spell_Dint02_15 | C85: =IFERROR(__xludf.DUMMYFUNCTION("IF($B85="""","""",SUBSTITUTE(SUBSTITUTE(SUBSTITUTE(SUBSTITUTE(INDEX(Hairstyles!$A:$A,MATCH($B85,Hairstyles!$F:$F,0)),"" "",""""),""'"",""""),""("",""""),"")"","""")&""\""&INDEX(SPLIT($A$2,""_""),1)&""\""&INDEX(SPLIT($A$2,""_""),2)&""\""&SUBSTITUTE(SUBSTIT"&"UTE(SUBSTITUTE(SUBSTITUTE(SUBSTITUTE(INDEX(Hairstyles!$C:$C,MATCH($B85,Hairstyles!$F:$F,0)),"" "",""""),""'"",""""),""("",""""),"")"",""""),""-"",""_"")&""_""&$A$2)"),"DintHairPack02\Human\Male\DintHairPack02_15_Human_Male") -> DintHairPack02\Human\Male\DintHairPack02_15_Human_Male
B86: =IFERROR(__xludf.DUMMYFUNCTION("""COMPUTED_VALUE"""),"Uvi_Wig_Spell_Dint02_16") -> Uvi_Wig_Spell_Dint02_16 | C86: =IFERROR(__xludf.DUMMYFUNCTION("IF($B86="""","""",SUBSTITUTE(SUBSTITUTE(SUBSTITUTE(SUBSTITUTE(INDEX(Hairstyles!$A:$A,MATCH($B86,Hairstyles!$F:$F,0)),"" "",""""),""'"",""""),""("",""""),"")"","""")&""\""&INDEX(SPLIT($A$2,""_""),1)&""\""&INDEX(SPLIT($A$2,""_""),2)&""\""&SUBSTITUTE(SUBSTIT"&"UTE(SUBSTITUTE(SUBSTITUTE(SUBSTITUTE(INDEX(Hairstyles!$C:$C,MATCH($B86,Hairstyles!$F:$F,0)),"" "",""""),""'"",""""),""("",""""),"")"",""""),""-"",""_"")&""_""&$A$2)"),"DintHairPack02\Human\Male\DintHairPack02_16_Human_Male") -> DintHairPack02\Human\Male\DintHairPack02_16_Human_Male
B87: =IFERROR(__xludf.DUMMYFUNCTION("""COMPUTED_VALUE"""),"Uvi_Wig_Spell_Dint02_17") -> Uvi_Wig_Spell_Dint02_17 | C87: =IFERROR(__xludf.DUMMYFUNCTION("IF($B87="""","""",SUBSTITUTE(SUBSTITUTE(SUBSTITUTE(SUBSTITUTE(INDEX(Hairstyles!$A:$A,MATCH($B87,Hairstyles!$F:$F,0)),"" "",""""),""'"",""""),""("",""""),"")"","""")&""\""&INDEX(SPLIT($A$2,""_""),1)&""\""&INDEX(SPLIT($A$2,""_""),2)&""\""&SUBSTITUTE(SUBSTIT"&"UTE(SUBSTITUTE(SUBSTITUTE(SUBSTITUTE(INDEX(Hairstyles!$C:$C,MATCH($B87,Hairstyles!$F:$F,0)),"" "",""""),""'"",""""),""("",""""),"")"",""""),""-"",""_"")&""_""&$A$2)"),"DintHairPack02\Human\Male\DintHairPack02_17_Human_Male") -> DintHairPack02\Human\Male\DintHairPack02_17_Human_Male
B88: =IFERROR(__xludf.DUMMYFUNCTION("""COMPUTED_VALUE"""),"Uvi_Wig_Spell_Dint02_18A") -> Uvi_Wig_Spell_Dint02_18A | C88: =IFERROR(__xludf.DUMMYFUNCTION("IF($B88="""","""",SUBSTITUTE(SUBSTITUTE(SUBSTITUTE(SUBSTITUTE(INDEX(Hairstyles!$A:$A,MATCH($B88,Hairstyles!$F:$F,0)),"" "",""""),""'"",""""),""("",""""),"")"","""")&""\""&INDEX(SPLIT($A$2,""_""),1)&""\""&INDEX(SPLIT($A$2,""_""),2)&""\""&SUBSTITUTE(SUBSTIT"&"UTE(SUBSTITUTE(SUBSTITUTE(SUBSTITUTE(INDEX(Hairstyles!$C:$C,MATCH($B88,Hairstyles!$F:$F,0)),"" "",""""),""'"",""""),""("",""""),"")"",""""),""-"",""_"")&""_""&$A$2)"),"DintHairPack02\Human\Male\DintHairPack02_18A_Human_Male") -> DintHairPack02\Human\Male\DintHairPack02_18A_Human_Male
B89: =IFERROR(__xludf.DUMMYFUNCTION("""COMPUTED_VALUE"""),"Uvi_Wig_Spell_Dint02_18B") -> Uvi_Wig_Spell_Dint02_18B | C89: =IFERROR(__xludf.DUMMYFUNCTION("IF($B89="""","""",SUBSTITUTE(SUBSTITUTE(SUBSTITUTE(SUBSTITUTE(INDEX(Hairstyles!$A:$A,MATCH($B89,Hairstyles!$F:$F,0)),"" "",""""),""'"",""""),""("",""""),"")"","""")&""\""&INDEX(SPLIT($A$2,""_""),1)&""\""&INDEX(SPLIT($A$2,""_""),2)&""\""&SUBSTITUTE(SUBSTIT"&"UTE(SUBSTITUTE(SUBSTITUTE(SUBSTITUTE(INDEX(Hairstyles!$C:$C,MATCH($B89,Hairstyles!$F:$F,0)),"" "",""""),""'"",""""),""("",""""),"")"",""""),""-"",""_"")&""_""&$A$2)"),"DintHairPack02\Human\Male\DintHairPack02_18B_Human_Male") -> DintHairPack02\Human\Male\DintHairPack02_18B_Human_Male
B90: =IFERROR(__xludf.DUMMYFUNCTION("""COMPUTED_VALUE"""),"Uvi_Wig_Spell_Dint02_18C") -> Uvi_Wig_Spell_Dint02_18C | C90: =IFERROR(__xludf.DUMMYFUNCTION("IF($B90="""","""",SUBSTITUTE(SUBSTITUTE(SUBSTITUTE(SUBSTITUTE(INDEX(Hairstyles!$A:$A,MATCH($B90,Hairstyles!$F:$F,0)),"" "",""""),""'"",""""),""("",""""),"")"","""")&""\""&INDEX(SPLIT($A$2,""_""),1)&""\""&INDEX(SPLIT($A$2,""_""),2)&""\""&SUBSTITUTE(SUBSTIT"&"UTE(SUBSTITUTE(SUBSTITUTE(SUBSTITUTE(INDEX(Hairstyles!$C:$C,MATCH($B90,Hairstyles!$F:$F,0)),"" "",""""),""'"",""""),""("",""""),"")"",""""),""-"",""_"")&""_""&$A$2)"),"DintHairPack02\Human\Male\DintHairPack02_18C_Human_Male") -> DintHairPack02\Human\Male\DintHairPack02_18C_Human_Male
B91: =IFERROR(__xludf.DUMMYFUNCTION("""COMPUTED_VALUE"""),"Uvi_Wig_Spell_Dint02_19") -> Uvi_Wig_Spell_Dint02_19 | C91: =IFERROR(__xludf.DUMMYFUNCTION("IF($B91="""","""",SUBSTITUTE(SUBSTITUTE(SUBSTITUTE(SUBSTITUTE(INDEX(Hairstyles!$A:$A,MATCH($B91,Hairstyles!$F:$F,0)),"" "",""""),""'"",""""),""("",""""),"")"","""")&""\""&INDEX(SPLIT($A$2,""_""),1)&""\""&INDEX(SPLIT($A$2,""_""),2)&""\""&SUBSTITUTE(SUBSTIT"&"UTE(SUBSTITUTE(SUBSTITUTE(SUBSTITUTE(INDEX(Hairstyles!$C:$C,MATCH($B91,Hairstyles!$F:$F,0)),"" "",""""),""'"",""""),""("",""""),"")"",""""),""-"",""_"")&""_""&$A$2)"),"DintHairPack02\Human\Male\DintHairPack02_19_Human_Male") -> DintHairPack02\Human\Male\DintHairPack02_19_Human_Male
B92: =IFERROR(__xludf.DUMMYFUNCTION("""COMPUTED_VALUE"""),"Uvi_Wig_Spell_Dint02_20") -> Uvi_Wig_Spell_Dint02_20 | C92: =IFERROR(__xludf.DUMMYFUNCTION("IF($B92="""","""",SUBSTITUTE(SUBSTITUTE(SUBSTITUTE(SUBSTITUTE(INDEX(Hairstyles!$A:$A,MATCH($B92,Hairstyles!$F:$F,0)),"" "",""""),""'"",""""),""("",""""),"")"","""")&""\""&INDEX(SPLIT($A$2,""_""),1)&""\""&INDEX(SPLIT($A$2,""_""),2)&""\""&SUBSTITUTE(SUBSTIT"&"UTE(SUBSTITUTE(SUBSTITUTE(SUBSTITUTE(INDEX(Hairstyles!$C:$C,MATCH($B92,Hairstyles!$F:$F,0)),"" "",""""),""'"",""""),""("",""""),"")"",""""),""-"",""_"")&""_""&$A$2)"),"DintHairPack02\Human\Male\DintHairPack02_20_Human_Male") -> DintHairPack02\Human\Male\DintHairPack02_20_Human_Male
B93: =IFERROR(__xludf.DUMMYFUNCTION("""COMPUTED_VALUE"""),"Uvi_Wig_Spell_Dint02_21") -> Uvi_Wig_Spell_Dint02_21 | C93: =IFERROR(__xludf.DUMMYFUNCTION("IF($B93="""","""",SUBSTITUTE(SUBSTITUTE(SUBSTITUTE(SUBSTITUTE(INDEX(Hairstyles!$A:$A,MATCH($B93,Hairstyles!$F:$F,0)),"" "",""""),""'"",""""),""("",""""),"")"","""")&""\""&INDEX(SPLIT($A$2,""_""),1)&""\""&INDEX(SPLIT($A$2,""_""),2)&""\""&SUBSTITUTE(SUBSTIT"&"UTE(SUBSTITUTE(SUBSTITUTE(SUBSTITUTE(INDEX(Hairstyles!$C:$C,MATCH($B93,Hairstyles!$F:$F,0)),"" "",""""),""'"",""""),""("",""""),"")"",""""),""-"",""_"")&""_""&$A$2)"),"DintHairPack02\Human\Male\DintHairPack02_21_Human_Male") -> DintHairPack02\Human\Male\DintHairPack02_21_Human_Male
B94: =IFERROR(__xludf.DUMMYFUNCTION("""COMPUTED_VALUE"""),"Uvi_Wig_Spell_Dint02_22") -> Uvi_Wig_Spell_Dint02_22 | C94: =IFERROR(__xludf.DUMMYFUNCTION("IF($B94="""","""",SUBSTITUTE(SUBSTITUTE(SUBSTITUTE(SUBSTITUTE(INDEX(Hairstyles!$A:$A,MATCH($B94,Hairstyles!$F:$F,0)),"" "",""""),""'"",""""),""("",""""),"")"","""")&""\""&INDEX(SPLIT($A$2,""_""),1)&""\""&INDEX(SPLIT($A$2,""_""),2)&""\""&SUBSTITUTE(SUBSTIT"&"UTE(SUBSTITUTE(SUBSTITUTE(SUBSTITUTE(INDEX(Hairstyles!$C:$C,MATCH($B94,Hairstyles!$F:$F,0)),"" "",""""),""'"",""""),""("",""""),"")"",""""),""-"",""_"")&""_""&$A$2)"),"DintHairPack02\Human\Male\DintHairPack02_22_Human_Male") -> DintHairPack02\Human\Male\DintHairPack02_22_Human_Male
B95: =IFERROR(__xludf.DUMMYFUNCTION("""COMPUTED_VALUE"""),"Uvi_Wig_Spell_Dint02_23") -> Uvi_Wig_Spell_Dint02_23 | C95: =IFERROR(__xludf.DUMMYFUNCTION("IF($B95="""","""",SUBSTITUTE(SUBSTITUTE(SUBSTITUTE(SUBSTITUTE(INDEX(Hairstyles!$A:$A,MATCH($B95,Hairstyles!$F:$F,0)),"" "",""""),""'"",""""),""("",""""),"")"","""")&""\""&INDEX(SPLIT($A$2,""_""),1)&""\""&INDEX(SPLIT($A$2,""_""),2)&""\""&SUBSTITUTE(SUBSTIT"&"UTE(SUBSTITUTE(SUBSTITUTE(SUBSTITUTE(INDEX(Hairstyles!$C:$C,MATCH($B95,Hairstyles!$F:$F,0)),"" "",""""),""'"",""""),""("",""""),"")"",""""),""-"",""_"")&""_""&$A$2)"),"DintHairPack02\Human\Male\DintHairPack02_23_Human_Male") -> DintHairPack02\Human\Male\DintHairPack02_23_Human_Male
B96: =IFERROR(__xludf.DUMMYFUNCTION("""COMPUTED_VALUE"""),"Uvi_Wig_Spell_Dint02_24") -> Uvi_Wig_Spell_Dint02_24 | C96: =IFERROR(__xludf.DUMMYFUNCTION("IF($B96="""","""",SUBSTITUTE(SUBSTITUTE(SUBSTITUTE(SUBSTITUTE(INDEX(Hairstyles!$A:$A,MATCH($B96,Hairstyles!$F:$F,0)),"" "",""""),""'"",""""),""("",""""),"")"","""")&""\""&INDEX(SPLIT($A$2,""_""),1)&""\""&INDEX(SPLIT($A$2,""_""),2)&""\""&SUBSTITUTE(SUBSTIT"&"UTE(SUBSTITUTE(SUBSTITUTE(SUBSTITUTE(INDEX(Hairstyles!$C:$C,MATCH($B96,Hairstyles!$F:$F,0)),"" "",""""),""'"",""""),""("",""""),"")"",""""),""-"",""_"")&""_""&$A$2)"),"DintHairPack02\Human\Male\DintHairPack02_24_Human_Male") -> DintHairPack02\Human\Male\DintHairPack02_24_Human_Male
B97: =IFERROR(__xludf.DUMMYFUNCTION("""COMPUTED_VALUE"""),"Uvi_Wig_Spell_Dint02_25") -> Uvi_Wig_Spell_Dint02_25 | C97: =IFERROR(__xludf.DUMMYFUNCTION("IF($B97="""","""",SUBSTITUTE(SUBSTITUTE(SUBSTITUTE(SUBSTITUTE(INDEX(Hairstyles!$A:$A,MATCH($B97,Hairstyles!$F:$F,0)),"" "",""""),""'"",""""),""("",""""),"")"","""")&""\""&INDEX(SPLIT($A$2,""_""),1)&""\""&INDEX(SPLIT($A$2,""_""),2)&""\""&SUBSTITUTE(SUBSTIT"&"UTE(SUBSTITUTE(SUBSTITUTE(SUBSTITUTE(INDEX(Hairstyles!$C:$C,MATCH($B97,Hairstyles!$F:$F,0)),"" "",""""),""'"",""""),""("",""""),"")"",""""),""-"",""_"")&""_""&$A$2)"),"DintHairPack02\Human\Male\DintHairPack02_25_Human_Male") -> DintHairPack02\Human\Male\DintHairPack02_25_Human_Male
B98: =IFERROR(__xludf.DUMMYFUNCTION("""COMPUTED_VALUE"""),"Uvi_Wig_Spell_Dint02_26") -> Uvi_Wig_Spell_Dint02_26 | C98: =IFERROR(__xludf.DUMMYFUNCTION("IF($B98="""","""",SUBSTITUTE(SUBSTITUTE(SUBSTITUTE(SUBSTITUTE(INDEX(Hairstyles!$A:$A,MATCH($B98,Hairstyles!$F:$F,0)),"" "",""""),""'"",""""),""("",""""),"")"","""")&""\""&INDEX(SPLIT($A$2,""_""),1)&""\""&INDEX(SPLIT($A$2,""_""),2)&""\""&SUBSTITUTE(SUBSTIT"&"UTE(SUBSTITUTE(SUBSTITUTE(SUBSTITUTE(INDEX(Hairstyles!$C:$C,MATCH($B98,Hairstyles!$F:$F,0)),"" "",""""),""'"",""""),""("",""""),"")"",""""),""-"",""_"")&""_""&$A$2)"),"DintHairPack02\Human\Male\DintHairPack02_26_Human_Male") -> DintHairPack02\Human\Male\DintHairPack02_26_Human_Male
B99: =IFERROR(__xludf.DUMMYFUNCTION("""COMPUTED_VALUE"""),"Uvi_Wig_Spell_Dint02_28") -> Uvi_Wig_Spell_Dint02_28 | C99: =IFERROR(__xludf.DUMMYFUNCTION("IF($B99="""","""",SUBSTITUTE(SUBSTITUTE(SUBSTITUTE(SUBSTITUTE(INDEX(Hairstyles!$A:$A,MATCH($B99,Hairstyles!$F:$F,0)),"" "",""""),""'"",""""),""("",""""),"")"","""")&""\""&INDEX(SPLIT($A$2,""_""),1)&""\""&INDEX(SPLIT($A$2,""_""),2)&""\""&SUBSTITUTE(SUBSTIT"&"UTE(SUBSTITUTE(SUBSTITUTE(SUBSTITUTE(INDEX(Hairstyles!$C:$C,MATCH($B99,Hairstyles!$F:$F,0)),"" "",""""),""'"",""""),""("",""""),"")"",""""),""-"",""_"")&""_""&$A$2)"),"DintHairPack02\Human\Male\DintHairPack02_28_Human_Male") -> DintHairPack02\Human\Male\DintHairPack02_28_Human_Male
B100: =IFERROR(__xludf.DUMMYFUNCTION("""COMPUTED_VALUE"""),"Uvi_Wig_Spell_Dint02_30") -> Uvi_Wig_Spell_Dint02_30 | C100: =IFERROR(__xludf.DUMMYFUNCTION("IF($B100="""","""",SUBSTITUTE(SUBSTITUTE(SUBSTITUTE(SUBSTITUTE(INDEX(Hairstyles!$A:$A,MATCH($B100,Hairstyles!$F:$F,0)),"" "",""""),""'"",""""),""("",""""),"")"","""")&""\""&INDEX(SPLIT($A$2,""_""),1)&""\""&INDEX(SPLIT($A$2,""_""),2)&""\""&SUBSTITUTE(SUBST"&"ITUTE(SUBSTITUTE(SUBSTITUTE(SUBSTITUTE(INDEX(Hairstyles!$C:$C,MATCH($B100,Hairstyles!$F:$F,0)),"" "",""""),""'"",""""),""("",""""),"")"",""""),""-"",""_"")&""_""&$A$2)"),"DintHairPack02\Human\Male\DintHairPack02_30_Human_Male") -> DintHairPack02\Human\Male\DintHairPack02_30_Human_Male
...
